Date,Close,High,Low,Open,Volume
2020-01-02,72.40052795410156,72.46079141879511,71.15668916006118,71.4097927692221,135480400
2020-01-03,71.69664001464844,72.45595811976894,71.47246171476719,71.62914523544616,146322800
2020-01-06,72.26792907714844,72.30649856939735,70.5685026643333,70.81920068576198,118387200
2020-01-07,71.92805480957031,72.53309491165653,71.70869494472285,72.2775784441153,108872000
2020-01-08,73.0851058959961,73.38642316119072,71.63155170295238,71.63155170295238,132079200
2020-01-09,74.63748931884766,74.83032941641996,73.81067654984861,74.06136720541696,170108400
2020-01-10,74.80623626708984,75.370308736383,74.30484750773756,74.87132551313572,140644800
2020-01-13,76.4044189453125,76.4309386915993,75.00389679896787,75.12201817653433,121532000
2020-01-14,75.37271881103516,76.55147571173875,75.24978634537415,76.3417600315841,161954400
2020-01-15,75.0497055053711,76.0524904138791,74.6182170498927,75.17264532410701,121923600
2020-01-16,75.98979949951172,76.10068954693726,75.23048148138665,75.5920621906251,108829200
2020-01-17,76.8310775756836,76.83348311126043,75.9319442855303,76.2380799522902,137816400
2020-01-21,76.31043243408203,76.90101005625795,76.17302994996994,76.45988467025404,110843200
2020-01-22,76.58280944824219,77.13481745633268,76.48879491769239,76.79493065234263,101832400
2020-01-23,76.95164489746094,77.03118945359918,76.08866775137959,76.63586485336675,104472000
2020-01-24,76.7298355102539,77.93992295405599,76.5394009459346,77.1974804769854,146537600
2020-01-27,74.47359466552734,75.1533609751762,73.49250366771739,74.74116092508633,161940000
2020-01-28,76.58039855957031,76.75154473409874,75.25460237825888,75.35343533999493,162234000
2020-01-29,78.18338012695312,79.02948122719883,77.46986301615,78.2098998673926,216229200
2020-01-30,78.07009887695312,78.12313101118072,76.8359045055242,77.26739289963146,126743200
2020-01-31,74.60856628417969,77.78324080814086,74.31448034488959,77.36139664518089,199588400
2020-02-03,74.4036865234375,75.56797344941275,72.8512990512171,73.3526878513845,173788400
2020-02-04,76.86001586914062,77.050450456367,75.60171457078681,76.00668324335653,136616400
2020-02-05,77.48676300048828,78.28465065522497,76.88412837567931,77.98573887898152,118826800
2020-02-06,78.39311981201172,78.39553270453209,77.19990767879175,77.75674147890366,105425600
2020-02-07,77.32754516601562,78.141823360646,76.83704482888538,77.89294895065062,117684000
2020-02-10,77.69481658935547,77.69481658935547,75.83430131081457,75.914034625019,109348800
2020-02-11,77.22604370117188,78.26262078747321,77.00858188468877,78.19013597325772,94323200
2020-02-12,79.06001281738281,79.06484268174145,77.67549348632544,77.67549348632544,113730400
2020-02-13,78.49700164794922,78.82319807398167,78.12973294999506,78.33269781258844,94747600
2020-02-14,78.51634979248047,78.76522420824622,78.00893385896474,78.4656030374421,80113600
2020-02-18,77.07865905761719,77.25987847546425,76.01791785904396,76.19913727689102,152531200
2020-02-19,78.1949691772461,78.42451672179727,77.32028463710277,77.32028463710277,93984000
2020-02-20,77.39276123046875,78.44383521283203,76.88776405995536,77.95575362250639,100566000
2020-02-21,75.6409912109375,77.4290289157497,75.0248480652508,76.9868493533589,129554000
2020-02-24,72.04801177978516,73.49776723386336,69.88546431842104,71.8257200728422,222195200
2020-02-25,69.60759735107422,73.09909512359589,69.13643119372864,72.71732938397975,230673600
2020-02-26,70.71183776855469,71.97554423056066,69.22583954625632,69.23308803031283,198054800
2020-02-27,66.08950805664062,69.10500169424336,65.95419815371966,67.92103635676665,320605600
2020-02-28,66.05084991455078,67.27106508637516,61.94562839291094,62.160678974985316,426510000
2020-03-02,72.20024108886719,72.83571844288954,67.10435128397388,68.20616489725688,341397200
2020-03-03,69.90719604492188,73.45426192334152,69.05666829287019,73.37452863350472,319475600
2020-03-04,73.14983367919922,73.30930768219956,70.82781196815235,71.62759322830975,219178400
2020-03-05,70.77705383300781,72.37902717401828,70.41219640582361,71.40527520257908,187572800
2020-03-06,69.83711242675781,70.26962472141419,67.95243392720576,68.13848315926569,226176800
2020-03-09,64.31356048583984,67.19373670107173,63.54760324031838,63.72882264119381,286744800
2020-03-10,68.9455337524414,69.21132371848606,65.0867678159455,66.96420578722295,285290000
2020-03-11,66.55101776123047,67.95003374263217,65.68841155580724,67.0246098194062,255598800
2020-03-12,59.978797912597656,65.23899494473845,59.92322498627828,61.841735279374994,418474000
2020-03-13,67.16476440429688,67.6359379478289,61.119282212065336,64.00430027982446,370732000
2020-03-16,58.52421951293945,62.60044418179931,57.99022457275424,58.46139441002403,322423600
2020-03-17,61.09752655029297,62.24524591333619,57.60361433805932,59.804826482410455,324056000
2020-03-18,59.601863861083984,60.406478598445545,57.29433564123959,57.93464652653443,300233600
2020-03-19,59.145198822021484,61.09270335868853,58.62087096114338,59.77584268914572,271857200
2020-03-20,55.39032745361328,60.848656123776394,55.09070998430256,59.72509337905043,401693200
2020-03-23,54.21360778808594,55.211524041383235,51.37208822817037,55.11004159498472,336752800
2020-03-24,59.652610778808594,59.848327192203485,56.61295613694801,57.110704962845915,287531200
2020-03-25,59.3239860534668,62.39988241978959,59.02920219006361,60.58768835145107,303602000
2020-03-26,62.445804595947266,62.503792458271775,59.52696298189895,59.565624014727966,252087200
2020-03-27,59.860416412353516,61.82483295199707,59.69369391072969,61.07096113970106,204216800
2020-03-30,61.56869888305664,61.74025490515105,60.2615017965214,60.5852833250574,167976400
2020-03-31,61.44306182861328,63.424393901395085,60.8897400197262,61.7595949233472,197002000
2020-04-01,58.210105895996094,60.0972038911912,57.78001201918498,59.56079401122782,176218400
2020-04-02,59.18143844604492,59.234596446659125,57.241182484383906,58.072376290076036,165934000
2020-04-03,58.33091354370117,59.3674871060243,57.741345715951596,58.66677342106095,129880000
2020-04-06,63.419517517089844,63.57415417883759,60.25663700431293,60.62390552806811,201820400
2020-04-07,62.68500900268555,65.64976368215225,62.58111162954673,65.43229446081726,202887200
2020-04-08,64.28939819335938,64.60350888065241,63.119929845723,63.48477990198321,168895200
2020-04-09,64.75333404541016,65.25592013573771,63.95839000283478,64.92489377394622,161834800
2020-04-13,66.02426147460938,66.1329960532875,64.23139447845989,64.83062922254491,131022800
2020-04-14,69.35873413085938,69.64868825439446,67.18410032586527,67.65527393314986,194994800
2020-04-15,68.72565460205078,69.18474234820361,67.80747910974512,68.23515430833677,131154400
2020-04-16,69.27173614501953,69.63659364674618,68.22308052874929,69.43845862105105,157125200
2020-04-17,68.3318099975586,69.33456350529407,66.89655138464681,68.7884865443206,215250000
2020-04-20,66.91346740722656,68.06119058127958,66.89414057720502,67.15993057649021,130015200
2020-04-21,64.84515380859375,66.99079338426836,64.13477293897611,66.75641592219942,180991600
2020-04-22,66.7129135131836,67.14783719048366,65.77057396314187,66.11125999851906,116862400
2020-04-23,66.45438385009766,68.07811050746528,66.41572281375096,66.65734876053877,124814400
2020-04-24,68.37289428710938,68.38256138963163,66.93038709342744,66.97871523220005,126161200
2020-04-27,68.42121887207031,68.7522452213369,67.64318307081028,68.09018514896542,117087600
2020-04-28,67.31216430664062,69.06395271480235,67.22035262547978,68.88273322430287,112004800
2020-04-29,69.52302551269531,69.99178036647727,68.59518290617446,68.79814778505363,137280800
2020-04-30,70.98969268798828,71.16608226501852,69.67283584195576,70.06185003558508,183064000
2020-05-01,69.84678649902344,72.24612942907099,69.06875096406462,69.1653998296708,240616800
2020-05-04,70.83505249023438,70.96311392727311,69.1823321546666,69.87096747127923,133568000
2020-05-05,71.89822387695312,72.72941781329797,71.1491818865001,71.29415894494899,147751200
2020-05-06,72.63999938964844,73.27063948300304,72.21473542323028,72.59891973995855,142333600
2020-05-07,73.3914566040039,73.73698728324429,72.96378136839786,73.26581377672255,115215200
2020-05-08,75.13829803466797,75.19159993074032,73.72338371341871,74.05046319414457,133838400
2020-05-11,76.32064056396484,76.8148865401455,74.43811985212862,74.6464845389423,145946400
2020-05-12,75.44841003417969,77.45448798811958,75.32727004325628,77.00384337710936,162301200
2020-05-13,74.53742218017578,76.54835012163572,73.46169865336998,75.62768191190082,200622400
2020-05-14,74.99531555175781,75.05588552129446,73.0546513617892,73.77664806043228,158929200
2020-05-15,74.55195617675781,74.59798995557082,72.73485667770787,72.76877941737926,166348400
2020-05-18,76.30850219726562,76.68161544536761,75.18432690881329,75.87482634655969,135178400
2020-05-19,75.86756896972656,77.17102926581177,75.83607138413613,76.32547436249678,101729600
2020-05-20,77.34306335449219,77.41331924575681,76.68647909264409,76.72524478806615,111504800
2020-05-21,76.76641082763672,77.7452239875939,76.5289737926269,77.20493698671349,102688800
2020-05-22,77.26066589355469,77.34304019898961,76.4029926993938,76.5047461498377,81803200
2020-05-26,76.73735046386719,78.5568683167511,76.68162339962899,78.37758347481825,125522000
2020-05-27,77.07168579101562,77.21705526702166,75.85544287582236,76.59440129810365,112945200
2020-05-28,77.10560607910156,78.36303980666368,76.47083369438819,76.74702903556799,133560800
2020-05-29,77.03050994873047,77.8082267406315,76.67435802451047,77.34789618259597,153532400
2020-06-01,77.97782135009766,78.09896135300481,76.8536385740957,76.98447184749915,80791200
2020-06-02,78.33880615234375,78.36303562857958,77.27035057638682,77.71130190496551,87642800
2020-06-03,78.77005004882812,79.03171651505059,78.08681886833212,78.65860335073907,104491200
2020-06-04,78.0916976928711,78.8912188000404,77.71858439241902,78.59321910796065,87560400
2020-06-05,80.31582641601562,80.37639642085425,78.31217331772173,78.34124573703636,137250400
2020-06-08,80.79068756103516,80.82461031040765,79.30309219050388,80.01297082329648,95654400
2020-06-09,83.3418960571289,83.7343884798814,80.43938634656227,80.47088393003234,147712400
2020-06-10,85.4860610961914,85.95365964938672,83.85067134903046,84.28919748972832,166651600
2020-06-11,81.3818588256836,85.05482488773967,81.28010535582771,84.63083484447448,201662400
2020-06-12,82.08447265625,84.26499296476219,80.97483335252352,83.5187737124544,200146000
2020-06-15,83.09961700439453,83.75135081292053,80.5774812512651,80.73981210877636,138808800
2020-06-16,85.30194854736328,85.5733083880593,83.51877109987304,85.15173611381705,165428800
2020-06-17,85.18323516845703,86.10632149459083,85.062095153019,86.04575148687181,114406400
2020-06-18,85.2171401977539,85.63386205994001,84.60901508072114,85.13960882948713,96820400
2020-06-19,84.73016357421875,86.38735791979117,83.62294217777347,85.92218445110363,264476000
2020-06-22,86.947021484375,87.08996579558588,85.07661960868549,85.12265339969562,135445200
2020-06-23,88.8028793334961,90.22021867227018,87.77076426941889,88.18991128978877,212155600
2020-06-24,87.2353286743164,89.35043555341034,86.86221543627708,88.4321923624518,192623200
2020-06-25,88.39341735839844,88.43218303821882,86.63204475800701,87.39038219556151,137522400
2020-06-26,85.6774673461914,88.50972079929527,85.52967271907464,88.28924513838203,205256800
2020-06-29,87.6520767211914,87.74656949028471,85.10813618086881,85.58542817799564,130646000
2020-06-30,88.38373565673828,88.66963165860406,87.22079468512266,87.24017383067029,140223200
2020-07-01,88.2165756225586,89.00398569728229,88.16812405423994,88.46128081179627,110737200
2020-07-02,88.2165756225586,89.75748041356287,88.10271110979996,89.122707936332,114041600
2020-07-06,90.57636260986328,91.04396114826625,89.61208572768216,89.64358330482388,118655600
2020-07-07,90.29532623291016,91.73204473813118,90.183879512503,90.95432807349727,112424400
2020-07-08,92.39832305908203,92.42982064230873,91.18449788463136,91.27172253001288,117092000
2020-07-09,92.79566955566406,93.34321735378231,91.74901813164107,93.28991545550893,125642800
2020-07-10,92.9579849243164,93.01613714978424,91.78050772022172,92.39105063414506,90257200
2020-07-13,92.52913665771484,96.86837145256374,92.31592911855529,94.26143682269026,191649200
2020-07-14,94.06035614013672,94.25175199437801,90.97855460222202,91.91132657887599,170989200
2020-07-15,94.7072525024414,96.18273684605151,93.51038868590005,95.93318873658312,153198000
2020-07-16,93.5418930053711,94.39714118909534,92.94346105400828,93.58065869622936,110577600
2020-07-17,93.35292053222656,94.14759875840713,92.88047150221618,93.99254337939139,92186800
2020-07-20,95.32022857666016,95.45832996558929,93.09609971897889,93.4401406081673,90318000
2020-07-21,94.004638671875,96.18515864106797,93.75509057115264,96.110052433633,103433200
2020-07-22,94.26872253417969,94.94952872983103,93.61941392094188,93.70663117027293,89001600
2020-07-23,89.97795104980469,94.07974983333283,89.168736705882,94.00221845583387,197004400
2020-07-24,89.75503540039062,90.0990762102355,86.3921882418588,88.17779782726093,185438800
2020-07-27,91.88225555419922,91.97432312790853,90.59333170366311,90.81622514062431,121214000
2020-07-28,90.37287139892578,91.63030527715343,90.36802106656002,91.45343820318753,103625600
2020-07-29,92.10517120361328,92.28930638065711,90.81866491806582,90.85500544148256,90329200
2020-07-30,93.21965026855469,93.32382888856975,90.87195660039106,91.27898520449537,158130000
2020-07-31,102.97869873046875,103.12891115542561,97.71152622340603,99.70791855704327,374336800
2020-08-03,105.57349395751953,108.19011460238991,104.56076548592098,104.85876510860703,308151200
2020-08-04,106.2785415649414,107.36880152265259,105.04048696818748,105.76248400195036,173071600
2020-08-05,106.66378784179688,106.98359926980389,105.53476196568732,105.99994289677025,121776800
2020-08-06,110.38519287109375,110.87944616652167,106.40695920907454,106.99569786453769,202428800
2020-08-07,107.87548828125,110.36333556331454,107.07937744727452,109.90702677912203,198045600
2020-08-10,109.44343566894531,110.46041967667294,106.79539443179243,109.31964772784534,212403600
2020-08-11,106.18860626220703,109.20557448641424,105.92889749318043,108.70800797992307,187902400
2020-08-12,109.71768951416016,109.97496869481039,107.08421110873276,107.27838155963288,165598000
2020-08-13,111.65945434570312,112.66187605488997,110.60848630688241,111.096349513322,210082000
2020-08-14,111.55995178222656,111.64975583547505,109.75170820856059,111.48471014803833,165565200
2020-08-17,111.26869201660156,112.7055791342614,110.64248575631566,112.68130596603584,119561600
2020-08-18,112.19585418701172,112.62060863769267,110.68615521459195,111.02110562369826,105633600
2020-08-19,112.33660888671875,113.74922238512377,112.24195319013168,112.60359883769148,145538000
2020-08-20,114.82933044433594,114.94340764743272,112.3608970952543,112.37788905057565,126907200
2020-08-21,120.74674224853516,121.22974625392379,115.77590009769085,115.7880329734243,338054800
2020-08-24,122.19094848632812,125.03316828342335,120.3268847573597,124.94820849286923,345937600
2020-08-25,121.18850708007812,121.53316822878249,119.4676456893335,121.06472653687041,211495600
2020-08-26,122.8365478515625,123.29285663343889,121.43849667426107,122.50402701142234,163022400
2020-08-27,121.36811828613281,123.77101327398971,120.22491675397727,123.43849242247208,155552400
2020-08-28,121.17151641845703,122.75887903183632,120.9482136928383,122.34140581995463,187630000
2020-08-31,125.28071594238281,127.1836224608346,122.32928572568825,123.8632579117057,225702700
2020-09-01,130.27096557617188,130.87291336835037,126.72730590113318,128.89233580510103,151948100
2020-09-02,127.57196044921875,133.96026921891615,123.30015014927834,133.5816315551226,200119000
2020-09-03,117.35843658447266,125.08653940539764,116.98950967695433,123.2127726268104,257599600
2020-09-04,117.43611145019531,120.09628586271513,107.65947772486805,116.57204011831335,332607200
2020-09-08,109.53324127197266,115.52349034053138,109.3973204514996,110.63031858211357,231366600
2020-09-09,113.9021224975586,115.66910023984147,111.90213873627353,113.84387284459,176940500
2020-09-10,110.18373107910156,116.98951312845449,109.22257449751976,116.85359229498353,182274400
2020-09-11,108.73713684082031,111.87304145706314,106.7954022543771,111.23226548811466,180860300
2020-09-14,111.9992446899414,112.55263871695288,109.51382694155708,111.37789025284532,140150100
2020-09-15,112.17401123046875,115.36816560750079,110.30023700342959,114.88273194668369,184642000
2020-09-16,108.86334228515625,112.62060121644382,108.77596778791039,111.87303669164397,154679000
2020-09-17,107.12551879882812,108.93133298192706,105.54300740487855,106.52358567588271,178011000
2020-09-18,103.72744750976562,107.64975186458288,102.99929711385688,107.18373975919344,287104900
2020-09-21,106.87306213378906,106.97985811734019,100.09640588332402,101.49445700826324,195713800
2020-09-22,108.55265808105469,109.57207159281869,105.97986595474057,109.39731520243424,183055400
2020-09-23,103.99930572509766,108.84393137946276,103.65949625131259,108.36820848614498,150718700
2020-09-24,105.0672607421875,107.03812018263172,101.94106684060164,102.10611250444195,167743300
2020-09-25,109.00897979736328,109.16432212155291,104.53328092968297,105.27114215532431,149981400
2020-09-28,111.61091613769531,111.96042899652844,109.49442489570826,111.65946247086177,137672400
2020-09-29,110.76625061035156,111.9507099432901,110.26140285567331,111.21285610238571,99382200
2020-09-30,112.43614959716797,113.84391175108092,110.30995505877512,110.4750007366762,142675200
2020-10-01,113.38758850097656,114.29049535158379,112.45555681762868,114.21282419285578,116120400
2020-10-02,109.72742462158203,112.00896881944756,108.9507351859753,109.60121453266758,144712000
2020-10-05,113.10604095458984,113.25167253166546,110.24198536966455,110.59149819179417,106243800
2020-10-06,109.86334991455078,112.73711630408881,108.97985709448719,112.32934639868184,161498200
2020-10-07,111.72740936279297,112.18371817362878,110.80508099423795,111.28081129884058,96849000
2020-10-08,111.62062072753906,113.0089613382161,111.25168639294162,112.86332975388186,83477200
2020-10-09,113.56233978271484,113.59146461414193,111.57205902106843,111.9215718124515,100506900
2020-10-12,120.77588653564453,121.53316180020073,115.8050435838883,116.56231884844449,240226800
2020-10-13,117.57205200195312,121.73707443865112,116.16429709898478,121.62056767284356,262330500
2020-10-14,117.65938568115234,119.44577758156056,116.13512463740885,117.47491856271502,150712000
2020-10-15,117.19341278076172,117.66913577260972,114.70799439887548,115.26138856694018,112559200
2020-10-16,115.55262756347656,118.0089281560019,115.34874631090426,117.74678982617324,115393800
2020-10-19,112.60118865966797,116.9118342796432,112.29051143113706,116.46523622657561,120639300
2020-10-20,114.08660888671875,115.51378488263892,112.26137377590751,112.81476779400624,124423700
2020-10-21,113.46524810791016,115.25164013400696,113.05747826966751,113.27107023085922,89946000
2020-10-22,112.37788391113281,114.60117079702067,111.2516743484804,114.02835526922215,101988000
2020-10-23,111.6885757446289,113.15458745033783,110.95071451824744,112.99924512599237,82572600
2020-10-26,111.69828796386719,113.15458894171616,109.59150025316038,110.688585063703,111850700
2020-10-27,113.20310974121094,113.86329970843428,111.20312575541465,112.12544659755038,92276800
2020-10-28,107.96043395996094,112.06720563801413,107.86334871753533,111.69827875394513,143937800
2020-10-29,111.9604263305664,113.52352341003616,108.93131742851756,109.09637051307503,146129200
2020-10-30,105.6886215209961,108.72743369464578,104.58183332192213,107.82452675254544,190272600
2020-11-02,105.60124206542969,107.45560232371076,104.19348732192323,105.93134082759394,122866900
2020-11-03,107.22258758544922,108.24199381190596,105.56240538196562,106.46531227233,107624400
2020-11-04,111.6011962890625,112.22255078584597,109.07694271998845,110.81479612438059,138235500
2020-11-05,115.56234741210938,116.13516303960806,113.46527764397302,114.51380882447592,126387100
2020-11-06,115.4310302734375,115.92702142810049,112.94131732140758,115.07118700641044,114457900
2020-11-09,113.1261215209961,118.64043465344767,112.86353836131654,117.19134868504119,154515300
2020-11-10,112.78572845458984,114.36124218625869,110.99624681601809,112.37726248118744,138023400
2020-11-11,116.20906829833984,116.34522361614252,113.24281896631516,113.97222563450443,112295000
2020-11-12,115.93675231933594,117.22050769938583,115.31432591809406,116.33549817445764,103162300
2020-11-13,115.98540496826172,116.38414348107418,114.633571669367,116.16046289142338,81581900
2020-11-16,116.9968490600586,117.66789824397613,114.90588149878657,115.65473585240478,91183000
2020-11-17,116.11181640625,117.35666927518157,115.6936229499769,116.26742672482064,74271000
2020-11-18,114.78917694091797,116.53002870692607,114.76000185644509,115.35325330709236,76322100
2020-11-19,115.38243103027344,115.7908970620543,113.60267663763,114.36125853091154,74113000
2020-11-20,114.11810302734375,115.50883872913519,114.06948036722605,115.38241090893905,73604300
2020-11-23,110.72392272949219,114.39041080457727,110.6266699980908,113.96248988252185,127959300
2020-11-24,112.00770568847656,112.66903481291116,109.49854453224738,110.78230761489361,113874200
2020-11-25,112.84407043457031,113.54430200672213,112.00768354782322,112.37725433307455,76499200
2020-11-27,113.38870239257812,114.26399194036229,113.02886649286769,113.36925481147574,46691300
2020-11-30,115.78116607666016,117.64844554887398,113.6026659391683,113.75827627180732,169410200
2020-12-01,119.35039520263672,120.07980194572332,116.71480639467286,117.68734871878834,127728200
2020-12-02,119.70053100585938,119.98256921730218,117.57066058629042,118.66963092474522,89004200
2020-12-03,119.56433868408203,120.3812705585125,118.85437962376297,120.12840751265676,78967600
2020-12-04,118.8932876586914,119.4865390127896,118.18332856578574,119.23367595532766,78260400
2020-12-07,120.35210418701172,121.14958854018184,118.89329080292673,118.95164096391939,86712000
2020-12-08,120.9648208618164,121.54835223688058,119.7102402772839,120.95510078016575,82225500
2020-12-09,118.43621063232422,122.49171060296122,117.67762875809393,121.11070219500817,115089200
2020-12-10,119.85610961914062,120.46881600995408,116.85095750767795,117.1913458248472,81312200
2020-12-11,119.04890441894531,119.38929273400028,117.23997517904313,119.0683519998447,86939800
2020-12-14,118.43621063232422,119.96310188222377,118.20280253715556,119.23369509240086,79184500
2020-12-15,124.36870574951172,124.3881607505194,120.72167215100104,120.92590514212858,157243700
2020-12-16,124.30062866210938,124.84524997430788,123.08495079030278,123.91161767905837,98208600
2020-12-17,125.16619873046875,126.02204075578122,124.5243172114844,125.36070423445284,94359800
2020-12-18,123.18220520019531,125.5552106694522,122.65703149372492,125.41905534776451,192541500
2020-12-21,124.70909118652344,124.78689634893868,120.06034032088816,121.5872313887212,121251600
2020-12-22,128.25889587402344,130.7194269475822,126.09011564727457,127.99630527207523,168904800
2020-12-23,127.36416625976562,128.79379001399928,127.18910090140182,128.5312142361838,88223700
2020-12-24,128.3463897705078,129.79548292817182,127.50028284184114,127.71424330377316,54930100
2020-12-28,132.93679809570312,133.56894460120503,129.8441061270866,130.31093707619408,124486200
2020-12-29,131.16677856445312,134.97914269594398,130.6513323196226,134.25947087325437,121047300
2020-12-30,130.04830932617188,132.25598368379838,129.73708878244818,131.857237927082,96452100
2020-12-31,129.04664611816406,131.0403608931575,128.1032788564328,130.398479383972,99116600
2021-01-04,125.8567123413086,129.94138734935098,123.27947356294186,129.85386209713596,143301900
2021-01-05,127.41275787353516,128.12272441766163,124.90359702782354,125.35097300302901,97664900
2021-01-06,123.12385559082031,127.45167334436817,122.90989509434218,124.21310565475042,155088000
2021-01-07,127.32520294189453,128.01571432439997,124.34922665409415,124.83549767732464,109578200
2021-01-08,128.42422485351562,128.98830121735807,126.65419059044255,128.79378086858412,105158200
2021-01-11,125.43851470947266,126.59584254088283,124.97169851220295,125.64275514317653,100384500
2021-01-12,125.2634506225586,126.12901267192076,123.37671619500519,124.97168496595856,91951100
2021-01-13,127.29605865478516,127.84067995815208,124.96196311469332,125.22453884607683,88636800
2021-01-14,125.37043762207031,127.4030475675069,125.22454736600265,127.20854206590191,90221800
2021-01-15,123.6490249633789,126.64445696844105,123.51286963768597,125.2439937099894,111598500
2021-01-19,124.3200912475586,125.17593327026417,123.45452914361996,124.27146116175601,90757300
2021-01-20,128.40475463867188,128.85213061210496,125.02031169638846,125.12729193961263,104319500
2021-01-21,133.1118621826172,135.83498363825382,129.9219245699571,130.12616498605254,120150900
2021-01-22,135.25143432617188,136.0100159621577,131.31263593020583,132.53803360991805,114459400
2021-01-25,138.99574279785156,141.10615779384105,132.79091821695442,139.14163304575837,157611700
2021-01-26,139.22915649414062,140.3378541007655,137.48829750104505,139.65707747210416,98390600
2021-01-27,138.1593780517578,140.33787848176394,136.55468894542827,139.4917564593141,140843800
2021-01-28,133.32582092285156,138.09128711738055,132.94653001780165,135.68910643879175,142621100
2021-01-29,128.3367156982422,132.98546769252428,126.63476631172155,132.1004504499765,177523800
2021-02-01,130.45684814453125,131.66280616641993,127.33498024294086,130.0775571695549,106239800
2021-02-02,131.28350830078125,132.5672565949287,130.91393742770222,132.00318020332065,83305400
2021-02-03,130.26231384277344,132.0420679752551,129.9413731133275,132.0323330550851,89880900
2021-02-04,133.6175537109375,133.62727378925396,130.89443296109326,132.55748642168908,84183100
2021-02-05,133.20364379882812,133.84648451427685,132.32705363193958,133.77831254493844,75693800
2021-02-08,133.34970092773438,133.39840366543814,131.41144491824002,132.49258030251252,71297200
2021-02-09,132.47312927246094,134.29451105529114,132.31730127973145,133.06726715184539,76774200
2021-02-10,131.8692169189453,133.4276152710194,130.90495626662582,132.93086817952687,73046600
2021-02-11,131.6160430908203,132.84327231685143,130.29140835043972,132.3660090757308,64280000
2021-02-12,131.84979248046875,132.0056353585524,130.21348684657468,130.8563275721737,60145100
2021-02-16,129.72647094726562,132.47313069680968,129.33686380627134,131.96666370650627,80576300
2021-02-17,127.43756103515625,128.78167951119218,126.10319202528883,127.83690273629607,97918500
2021-02-18,126.33696746826172,126.61941963432317,124.09677476387137,125.84022023340577,96856700
2021-02-19,126.49280548095703,127.31097309084008,125.45063790347744,126.85319396385569,87668800
2021-02-22,122.72343444824219,126.34669893995918,122.33383475744539,124.68116007602796,103916400
2021-02-23,122.58711242675781,123.41500737355861,115.31136258542946,120.54172272554459,158273000
2021-02-24,122.09036254882812,122.29490075920138,119.0515006449994,121.69102816600345,111039900
2021-02-25,117.84371948242188,123.17147632846172,117.40542445743719,121.43776543888308,148199500
2021-02-26,118.106689453125,121.60332952526318,118.04824467349069,119.4020977442568,164560400
2021-03-01,124.46690368652344,124.60326248159897,119.59692548811965,120.53196041049354,116307900
2021-03-02,121.86631774902344,125.37270000855568,121.75917765120198,125.07076378614747,102260900
2021-03-03,118.8858871459961,122.4409721711293,118.6716069492106,121.56437474382311,112966300
2021-03-04,117.00605773925781,120.38582276437799,115.53533012340597,118.58393286818561,178155000
2021-03-05,118.2625503540039,118.76903225470893,114.51266857773292,117.83399731994245,153766600
2021-03-08,113.33411407470703,117.85345248459532,113.18801326724598,117.7852730985796,154376600
2021-03-09,117.94111633300781,118.8858931954571,115.7009310503409,115.93468789918522,129525800
2021-03-10,116.85999298095703,118.99303824849771,116.34376908141869,118.52552453136408,111943300
2021-03-11,118.78849792480469,120.00599237807343,118.10670400337277,119.35341713456053,103026500
2021-03-12,117.8826904296875,118.01904922400895,116.0613233493951,117.26907585524096,88105100
2021-03-15,120.76570892333984,120.77545095974142,117.28854502762586,118.25280599447676,92403800
2021-03-16,122.30462646484375,123.91172068145192,121.47673169598399,122.43124321692929,115227900
2021-03-17,121.51569366455078,122.58708734300565,119.15861865475401,120.82415767726631,111932600
2021-03-18,117.39570617675781,119.97679639206342,117.19116796164273,119.68459469561455,121229700
2021-03-19,116.86973571777344,118.27229182875169,116.5677994448256,116.78207967633583,185549500
2021-03-22,120.18131256103516,120.64883370339138,117.13270910784668,117.20088850037816,111912300
2021-03-23,119.3534164428711,121.0092059173222,118.96381673388366,120.12287382459728,95467100
2021-03-24,116.96713256835938,119.7040653634643,116.94765592524341,119.62614392900645,88530500
2021-03-25,117.45414733886719,118.4963299554112,115.90549761824201,116.43145623024624,98844700
2021-03-26,118.05799102783203,118.32097396831911,115.82754049090362,117.22035432205121,94071200
2021-03-29,118.23332977294922,119.39238695881983,117.59049651669116,118.48657071923124,80819200
2021-03-30,116.78205871582031,117.26905645239088,115.76910253203405,116.98659687346046,85671900
2021-03-31,118.97357940673828,120.30794879540358,117.99958368082311,118.4865815437807,118323800
2021-04-01,119.80146026611328,120.9507753854183,119.30472042335516,120.44430093685868,75089100
2021-04-05,122.62604522705078,122.87928615898178,119.86963594729222,120.6488353850815,88651200
2021-04-06,122.92798614501953,123.82406033078875,122.3825509764638,123.21044576616356,80171300
2021-04-07,124.57403564453125,124.59351228641088,121.88580577435263,122.55786509964642,83466700
2021-04-08,126.9700698852539,126.99928856495599,125.17792150755567,125.59673249128127,88844600
2021-04-09,129.5414276123047,129.58038090088027,126.10322399320837,126.4246443564377,106686700
2021-04-12,127.8271713256836,129.39530463290586,127.23303349221449,129.07388434312833,91420000
2021-04-13,130.93423461914062,131.15826433043802,128.49924537282473,128.99599269074992,91266500
2021-04-14,128.59666442871094,131.4894331469025,128.23629073814718,131.43099577675665,87222800
2021-04-15,131.00242614746094,131.48942401418012,130.16478922222413,130.34011618248067,89347100
2021-04-16,130.67123413085938,131.16796646381349,129.81411337251544,130.80759290041487,84922400
2021-04-19,131.33355712890625,131.9471790846723,129.87256379574342,130.0381412567294,94264200
2021-04-20,129.64857482910156,132.00564275979164,128.38237738217003,131.50891027779352,94812300
2021-04-21,130.0283966064453,130.27189547649485,127.88560952240783,128.91804235349915,68847100
2021-04-22,128.50897216796875,130.66149395921403,127.99275572778816,129.58035833012048,84566500
2021-04-23,130.82711791992188,131.6063026401296,128.7232835065709,128.7232835065709,78657500
2021-04-26,131.2166748046875,131.54782970744535,130.0868364590517,131.32381490404939,66905100
2021-04-27,130.89527893066406,131.88875868630524,130.62256132903624,131.49915149684074,66015800
2021-04-28,130.1063232421875,131.5088791677975,129.61932548257246,130.81733580986761,107760100
2021-04-29,130.00894165039062,133.50559750247544,129.00572727008065,132.92119413868548,151101000
2021-04-30,128.04148864746094,130.0868708182536,127.66163089702832,128.35315956120257,109839500
2021-05-03,129.09335327148438,130.58358001612103,128.40182480933737,128.6063555356659,75135100
2021-05-04,124.52531433105469,128.07066453538278,123.40521809953029,127.77846293376932,137564700
2021-05-05,124.76882934570312,127.05770985077288,124.64220517501703,125.84021547722773,84000900
2021-05-06,126.3662109375,126.37594554444907,123.82407406523244,124.5643128982338,78128300
2021-05-07,127.0394058227539,128.06382651595774,126.3271705323357,127.66382129004229,78973300
2021-05-10,123.7612075805664,126.38570115821472,123.7221806852606,126.25887677480436,88071200
2021-05-11,122.84408569335938,123.19531281841267,119.78053807914273,120.4927657999539,126142800
2021-05-12,119.7805404663086,121.60500854306753,119.27320577012671,120.39520469554279,112172300
2021-05-13,121.92697143554688,123.07823863645709,121.23426088704589,121.54646856304096,105861300
2021-05-14,124.34657287597656,124.7758612004647,122.78553457368028,123.17579601015879,81918000
2021-05-17,123.1953125,123.83924502210618,122.12209907344122,123.73192293508849,74244600
2021-05-18,121.80990600585938,123.89779649597985,121.74161080080381,123.47826668103308,63342900
2021-05-19,121.65379333496094,121.87818865261369,119.86835215925528,120.16105011854478,92612000
2021-05-20,124.20999145507812,124.61001150333645,122.05380598133526,122.1806452374261,76857100
2021-05-21,122.37576293945312,124.88318279629019,122.16111877804317,124.7075655227382,79295400
2021-05-24,124.00511169433594,124.82466155300955,122.87336158160026,122.94165678285485,63092900
2021-05-25,123.80998229980469,125.19541091008112,123.24410353248182,124.7075784829674,72009500
2021-05-26,123.7612075805664,124.28805950176616,123.34167776055286,123.8685296817526,56575900
2021-05-27,122.22941589355469,124.53195020806949,122.03428889481324,123.36117332838509,94625600
2021-05-28,121.57574462890625,122.73677048730885,121.51720801205188,122.51236771666937,71311100
2021-06-01,121.25376892089844,122.29771402080185,120.92205152635813,122.03429182182089,67637100
2021-06-02,122.01478576660156,122.19040306312083,121.02938463288338,121.253779962891,59278900
2021-06-03,120.53179168701172,121.80989069682863,120.13177164794705,121.64403199734149,76229200
2021-06-04,122.82457733154297,123.08800699874061,120.83425044759345,121.04889463757115,75169300
2021-06-07,122.83433532714844,123.24410653680496,121.7903901347652,123.09775754946514,71057600
2021-06-08,123.65387725830078,125.33200387040455,123.13678395621102,123.51728685562117,74403800
2021-06-09,124.03438568115234,124.63929137968418,123.43923856713752,124.11243947005046,56877900
2021-06-10,123.03923797607422,125.06859202446998,122.87337924113547,123.92707571998503,71186400
2021-06-11,124.24901580810547,124.3368281715762,123.02945340825438,123.44898317154788,53522400
2021-06-14,127.30280303955078,127.36133965538929,123.97584053546844,124.70757800792384,96906500
2021-06-15,126.4832534790039,127.41988394107798,126.23934100200125,126.77595142885431,62746300
2021-06-16,126.98086547851562,127.70285197400149,125.33202917302177,127.19550970995087,91815000
2021-06-17,128.58090209960938,129.32240559947226,126.49301177385304,126.63936820067508,96721700
2021-06-18,127.28328704833984,128.3077074896389,127.06864288856177,127.52719951288445,108953300
2021-06-21,129.07852172851562,129.1858438437529,126.06376624672313,127.12722136946698,79663300
2021-06-22,130.71755981445312,130.81513075216756,128.4150256244004,128.9126165646152,74783600
2021-06-23,130.4444122314453,131.0493254021088,129.98585550457855,130.51271488266488,60214200
2021-06-24,130.1614532470703,131.36149842351492,129.69313058879897,131.1761225655203,68711000
2021-06-25,129.86878967285156,130.62979558487248,129.57609165578822,130.2102731739654,70783700
2021-06-28,131.49807739257812,131.95663398446408,130.10290533994575,130.1614419453381,62111300
2021-06-29,133.01036071777344,133.16646828417475,131.07857796707717,131.51761747124857,64556100
2021-06-30,133.62503051757812,134.0640700400228,132.56156070353867,132.8542586809143,63261400
2021-07-01,133.92745971679688,133.98599632611845,132.45421890843855,133.27377610064684,52485800
2021-07-02,136.55197143554688,136.5909908825578,134.39577852908815,134.54212006442484,78852600
2021-07-06,138.56182861328125,139.6643030810213,136.65931393358588,136.65931393358588,108181800
2021-07-07,141.0497283935547,141.3619286538461,139.1862333107396,140.04479519196917,104911600
2021-07-08,139.75210571289062,140.55213093920304,137.24467816832617,138.13252320539087,105575500
2021-07-09,141.57659912109375,142.10344367127877,139.17649311255218,139.27406408607257,99890800
2021-07-12,140.98141479492188,142.75710481226085,140.49358983023356,142.64978272453996,76299700
2021-07-13,142.09365844726562,143.86934850619764,140.1326074026889,140.5228614286861,100827100
2021-07-14,145.51820373535156,145.92798987044893,144.08399692422722,144.49378305932458,127050800
2021-07-15,144.86451721191406,146.34750947636803,143.50836421958925,145.60602078776031,106820300
2021-07-16,142.82540893554688,146.11334481046933,142.32783277394142,144.84501166670194,93251400
2021-07-19,138.9813232421875,140.56188618036083,138.22031752231123,140.2496710710599,121434600
2021-07-20,142.59120178222656,143.51808093354776,139.47889165540263,139.96671651936813,96350000
2021-07-21,141.85948181152344,142.57171691870616,141.108242148076,141.98632105555998,74993500
2021-07-22,143.22543334960938,144.59133749363102,142.25953442025497,142.3863736933565,77338200
2021-07-23,144.94256591796875,145.0986734955369,143.34250046599004,143.95716474814094,71447400
2021-07-26,145.36209106445312,146.18163344756866,144.10349429509156,144.6596219111436,72434100
2021-07-27,143.19618225097656,145.57677109148528,142.0058878307222,145.48895126026883,104818600
2021-07-28,141.44973754882812,143.391286472983,139.06914908747908,141.28387882976534,118931200
2021-07-29,142.09365844726562,142.98150347673163,141.05947187985987,141.16679397009463,56699500
2021-07-30,142.30833435058594,142.76689112133272,140.6009465535791,140.86437626783024,70440600
2021-08-02,141.9766082763672,143.3717807887823,141.7131785780533,142.7961507964113,62880000
2021-08-03,143.7717742919922,144.43520909857267,141.64484970305608,142.2595139229218,64786600
2021-08-04,143.3717498779297,144.191292221281,142.7180662311683,143.6839649919127,56368300
2021-08-05,143.4790496826172,144.24005529573455,142.61072200163795,143.40099591624184,46397700
2021-08-06,142.79513549804688,143.74293525391155,142.29681378591434,143.00033556159832,54126800
2021-08-09,142.7462615966797,143.34230040071924,142.18931561461758,142.853744492803,48908700
2021-08-10,142.26748657226562,144.32919310328901,141.9743500451473,143.0882569205625,69023100
2021-08-11,142.5215606689453,143.36187760745253,142.1991119113098,142.7072143393609,48493500
2021-08-12,145.48216247558594,145.6385039280885,142.50196876649986,142.84396383015653,72282600
2021-08-13,145.68734741210938,146.01956178212575,144.87634298445295,145.56031813141018,59375000
2021-08-16,147.6611328125,147.72953779617734,143.117568833467,145.1401825389347,103296000
2021-08-17,146.75241088867188,148.20829780218608,145.67758203815535,146.79148879708086,92229700
2021-08-18,143.01004028320312,147.27024703587423,142.80484030722167,146.37130624158158,86326000
2021-08-19,143.34230041503906,144.61254875765684,141.19265740190144,141.71052547158095,86960300
2021-08-20,144.79818725585938,145.10108950161558,143.42045616108942,144.06535347049768,60549600
2021-08-23,146.2833709716797,146.75238032260847,144.50502086386953,144.91540590962452,60131800
2021-08-24,146.1954803466797,147.40710449199298,145.73623655262395,146.02937310982574,48606400
2021-08-25,144.9643096923828,146.8794554129226,144.41712946066949,146.3811188443998,58991300
2021-08-26,144.16305541992188,145.70689371393732,144.13374326132688,144.95452843061085,48597200
2021-08-27,145.19882202148438,145.34538283026907,143.46932993010927,144.10444664756716,55802400
2021-08-30,149.61537170410156,149.97691325126357,145.20860233340446,145.5896753840009,90956700
2021-08-31,148.35487365722656,149.3026732146875,147.8272249811444,149.16587817080352,86453100
2021-09-01,149.0193328857422,151.4328005101191,148.85322564922996,149.33201585532615,80313700
2021-09-02,150.1332244873047,151.17874128646721,148.91183471793337,150.34819027947748,71115500
2021-09-03,150.76834106445312,151.09078972052774,149.5860293255129,150.24069238740682,57808700
2021-09-07,153.1036376953125,153.66058362239795,150.8562777588282,151.4230043452141,82278300
2021-09-08,151.559814453125,153.4456331023822,150.45567332943037,153.38700877891932,74420200
2021-09-09,150.54359436035156,152.5368955037672,150.42633082753412,151.9310910707807,57305700
2021-09-10,145.5603485107422,151.92134106933233,145.2965241455898,151.45233157203938,140893200
2021-09-13,146.12705993652344,147.95425407222461,145.34536758274155,147.18234237769772,102404300
2021-09-14,144.72976684570312,147.61225802171091,143.54747014740659,146.9087364700221,109296300
2021-09-15,145.61895751953125,146.0195769004921,143.01983678244974,145.15971382126716,83281300
2021-09-16,145.3844757080078,145.5603636061977,143.85041774982722,145.0424954824605,68034100
2021-09-17,142.71693420410156,145.41377207009813,142.42379770872697,145.41377207009813,129868800
2021-09-20,139.66836547851562,141.52487196661303,138.0365905336095,140.50868223734292,123478900
2021-09-21,140.1471405029297,141.29037444715544,139.51202378684255,140.6356964105484,75834000
2021-09-22,142.51173400878906,143.0784456211062,140.41093510559722,141.14376881169068,76404300
2021-09-23,143.4693145751953,143.71359250338787,142.30654925147212,143.29342671393508,64838200
2021-09-24,143.55726623535156,144.09468071612673,142.22839356904527,142.32611071447462,53477900
2021-09-27,142.04273986816406,142.6192471706429,140.52822848156046,142.14045701354505,74150700
2021-09-28,138.66195678710938,141.43695107445913,138.4469909709511,139.9712831876772,108972300
2021-09-29,139.56088256835938,141.14379894035906,138.77919013309102,139.2091217179658,74602000
2021-09-30,138.26129150390625,141.07537768507382,138.0463257589815,140.37185613978193,89056700
2021-10-01,139.38499450683594,139.64881887167329,135.9260252404235,138.65216064526572,94639600
2021-10-04,135.95533752441406,138.9550779570537,135.10525501528176,138.5153657120816,98322000
2021-10-05,137.88026428222656,138.98440552812323,136.17031841410787,136.2973477353653,80861100
2021-10-06,138.7498779296875,138.8964387383312,135.20295726507902,136.27778622694314,83221100
2021-10-07,140.0103302001953,140.9190518423827,139.45338427911526,139.7855986818326,61732700
2021-10-08,139.62925720214844,140.87995899645605,139.2970427994977,140.73339820397527,58773200
2021-10-11,139.5413360595703,141.49555969160025,138.56422424355534,139.0137022391212,64452200
2021-10-12,138.27108764648438,139.97126757292082,137.8118439004276,139.9517211619384,73035900
2021-10-13,137.68482971191406,138.163604960137,136.01396194464323,138.00727840066958,78762700
2021-10-14,140.46958923339844,140.58685278975153,138.27108764845218,138.85736070158842,69907100
2021-10-15,141.52484130859375,141.58346561937512,140.22528108462743,140.47933964406647,67940300
2021-10-18,143.19570922851562,143.4790650348245,139.883301471598,140.16665727790686,85589200
2021-10-19,145.3551483154297,145.75576773810008,143.19573955238386,143.64520263819782,76378900
2021-10-20,145.84368896484375,146.32247907181252,144.7297822080243,145.29650879090318,58418800
2021-10-21,146.0586700439453,146.21501151275598,144.48551942420278,145.40400691653662,61421000
2021-10-22,145.2867431640625,146.74263007605518,145.23788459644618,146.26385487822307,58883400
2021-10-25,145.23788452148438,145.95117189778182,144.24122639888336,145.27696242983234,50720600
2021-10-26,145.90228271484375,147.38748132131502,145.59936565411255,145.91204846149822,60893400
2021-10-27,145.44308471679688,146.30293288736218,145.09132390307514,145.94140632392705,56094900
2021-10-28,149.07794189453125,149.66419997930225,146.29316753585874,146.3908846714247,100077900
2021-10-29,146.37135314941406,146.5081482073945,143.0589446865979,143.85040287273776,124953200
2021-11-01,145.5505828857422,146.2736360885386,144.41712959922393,145.57989504750188,74588300
2021-11-02,146.5863037109375,148.10082985163274,145.2476505224247,145.25743118168475,69122000
2021-11-03,148.0226593017578,148.49166875101167,146.39088452432864,146.94783044977856,54511500
2021-11-04,147.50477600097656,148.94111635864294,147.19209312751175,148.1105804313896,60394600
2021-11-05,148.033203125,148.9334561453401,146.83938576662882,148.6301118041856,65463900
2021-11-08,147.2112579345703,148.3170106437663,146.93726849126057,148.1604409815022,55020900
2021-11-09,147.57327270507812,148.17996131979666,146.8393694074151,146.97636409239348,56787900
2021-11-10,144.74533081054688,146.90790623545243,144.67684091878007,146.80026646441542,65187100
2021-11-11,144.69638061523438,146.22289720379737,144.51045604306032,145.76299817171153,41000000
2021-11-12,146.77088928222656,147.1720784304826,144.31474986015922,145.24435777936998,63804000
2021-11-15,146.78067016601562,148.62032601011296,146.22289645235986,147.14272437440852,59222800
2021-11-16,147.75921630859375,148.23870523347338,146.1348398835429,146.72196856987298,59256200
2021-11-17,150.1957550048828,151.67334153749616,147.7494107865361,147.75919078814144,88807000
2021-11-18,154.48179626464844,155.26462968629394,149.76525065573642,150.4110893484419,137827700
2021-11-19,157.104248046875,157.5641620110988,153.1705218782956,154.2664794451428,117305600
2021-11-22,157.56417846679688,162.14372871908944,157.54460352782965,158.21000213967926,117467900
2021-11-23,157.94580078125,158.32742995233392,155.64623082003743,157.6620164381372,96041900
2021-11-24,158.46444702148438,158.66015163635032,156.2138066222637,157.29998440577035,69463600
2021-11-26,153.44448852539062,157.00636502097973,153.0041495633598,156.14526203093936,76959800
2021-11-29,156.8009033203125,157.73051124922804,155.38201155737082,155.9495652762871,88748200
2021-11-30,161.75230407714844,161.9675835913138,156.48776584559891,156.55627065978888,174048100
2021-12-01,161.23367309570312,166.6449857878265,160.99881865483053,163.88550209995378,152052500
2021-12-02,160.24534606933594,160.6759050938818,154.4132690949476,155.33309702351337,136739200
2021-12-03,158.36656188964844,161.41961013164072,156.29206642790317,160.49978216462458,118023100
2021-12-06,161.77186584472656,164.27692006238982,160.75417823673777,160.76395823883925,107497000
2021-12-07,167.50611877441406,167.89754291240308,164.7270745855606,165.4511980423622,120405400
2021-12-08,171.32237243652344,172.18349034092375,167.03637277945757,168.43568937410808,116998900
2021-12-09,170.81356811523438,172.95656843850207,170.18730447599066,171.15606234208923,108923700
2021-12-10,175.5985870361328,175.77473158616564,170.94075296583623,171.4495967498973,115402700
2021-12-13,171.96824645996094,178.22110269969062,171.76274694249355,177.2327699190323,153237000
2021-12-14,170.58847045898438,173.92528743178815,168.51397541726456,171.48872330598167,139380400
2021-12-15,175.4518280029297,175.6475325738547,168.611843504033,171.35175229088827,131063300
2021-12-16,168.56292724609375,177.25234826512832,167.0853404452438,175.4322672390144,150185800
2021-12-17,167.46694946289062,169.74694420568176,166.0480727156741,166.2829122189755,195432700
2021-12-20,166.10679626464844,166.91898445345717,163.8659512088188,164.66834446331637,107499100
2021-12-21,169.27728271484375,169.48276731961977,165.49033075391415,167.8779657038139,91185900
2021-12-22,171.870361328125,172.08564081700152,168.4552593739479,169.32615733120278,92135300
2021-12-23,172.49667358398438,173.05444739852442,171.50835560137864,172.07590942042998,68356600
2021-12-27,176.459716796875,176.54778161213417,173.26968906108772,173.2892490658333,74919600
2021-12-28,175.44203186035156,177.43825729141835,174.69834852343934,176.29336988152778,79144300
2021-12-29,175.5301055908203,176.7532777728696,174.316713410959,175.48117571727812,62348900
2021-12-30,174.3754119873047,176.6945564474762,174.26777224500728,175.6181590245021,59773000
2021-12-31,173.7589569091797,175.38331824017646,173.45559766181222,174.2677857929612,64062300
2022-01-03,178.10365295410156,178.95499096160628,173.895952516217,174.01337226981713,104487900
2022-01-04,175.84323120117188,179.01369889567948,175.2756775127618,178.71035458130368,99310400
2022-01-05,171.1658477783203,176.30317175638402,170.8918583606612,175.75519292106577,94537600
2022-01-06,168.30850219726562,171.53767993498516,167.95622799076347,168.99347567343597,96904000
2022-01-07,168.474853515625,170.40257420223315,167.35932100577125,169.17940193566972,86709100
2022-01-10,168.4944305419922,168.79777487885306,164.56070430318124,165.4511773077938,106765600
2022-01-11,171.32237243652344,171.42021724210562,167.15380744997546,168.62161391540354,76138300
2022-01-12,171.76272583007812,173.37730710526796,171.06797240622825,172.34005950483805,74805200
2022-01-13,168.4944305419922,172.82934594142114,168.10300645305696,172.00737775161056,84505800
2022-01-14,169.3555450439453,170.05029852382498,167.4180294399018,167.66266389110206,80440800
2022-01-18,166.15570068359375,168.836884364845,165.7740715864879,167.82899175117316,90956700
2022-01-19,162.662353515625,167.40826837840387,162.37858408989868,166.3514456378891,94815000
2022-01-20,160.9792938232422,166.0383338943285,160.65637446577207,163.39628407020749,91420500
2022-01-21,158.9243621826172,162.76022939959458,158.81672240399746,160.89121821233596,122848900
2022-01-24,158.1512908935547,158.8167044309835,151.3798104055977,156.58563920962845,162294600
2022-01-25,156.3507843017578,159.26682305990172,153.65002507588994,155.56795099632697,115798400
2022-01-26,156.2626953125,160.86181974023197,154.43283450239605,159.99092174206848,108275300
2022-01-27,155.8027801513672,160.3236197319786,154.88295228679408,158.9634528706825,121954600
2022-01-28,166.67433166503906,166.69390660020625,159.30594382680772,162.15349217595866,179935700
2022-01-31,171.02883911132812,171.24411862639118,165.87194061535732,166.5079991576081,115541600
2022-02-01,170.8624725341797,171.0875320298687,168.61183278338754,170.27534392743365,86213900
2022-02-02,172.06607055664062,172.10522042730014,169.60994623393472,170.99946801633135,84914300
2022-02-03,169.1891632080078,172.45749049022623,168.42590499267487,170.7352545735362,89418100
2022-02-04,168.90501403808594,170.58045176088635,167.22957631528553,168.20936061040763,82465400
2022-02-07,168.18978881835938,170.43348845120025,167.49413533637534,169.36552707422473,77251200
2022-02-08,171.29574584960938,171.80523803495097,167.96446919200875,168.25840756625686,74829200
2022-02-09,172.7164306640625,173.07894618735656,171.36432311182244,172.49108438879807,71285000
2022-02-10,168.64047241210938,171.9325483260604,168.08200312375175,170.61964092504337,90865900
2022-02-11,165.2308349609375,169.58107994004882,164.64295836093538,168.84624166520766,98670700
2022-02-14,165.46600341796875,166.1518495458794,163.19289630795137,163.98651932384257,86185500
2022-02-15,169.2969512939453,169.45372039657573,166.80830532856646,167.51375134007887,62527400
2022-02-16,169.0618133544922,169.83583650795123,166.612352178537,168.37596721528965,61177400
2022-02-17,165.46600341796875,168.43474911832254,165.06428820364812,167.57253401447812,69589300
2022-02-18,163.91793823242188,167.0924302194162,162.83037691642315,166.38699918366942,82772700
2022-02-22,160.9982147216797,163.3202994694817,158.87206895600934,161.6448612037598,91162800
2022-02-23,156.83407592773438,162.7911511578424,156.52053778387523,162.19348215264228,90009200
2022-02-24,159.4501190185547,159.55789590082478,148.92722915533128,149.49550590272597,141147500
2022-02-25,161.51748657226562,161.78201763247694,157.61793335879435,160.52789462372328,91974200
2022-02-28,161.78201293945312,162.07595128148682,159.14639022474867,159.76365924798694,95056600
2022-03-01,159.9008331298828,163.23210951924372,158.69570233786408,161.37050993245586,83474400
2022-03-02,163.19290161132812,163.97673219026618,159.65587901852524,161.0667710705488,79724800
2022-03-03,162.86956787109375,165.49539801856008,162.20332160924863,165.06429046074288,76678400
2022-03-04,159.87142944335938,162.2033212553789,158.82306783943153,161.16475211398938,83737200
2022-03-07,156.07972717285156,161.68409762390328,155.8249735475937,160.05765121006496,96418800
2022-03-08,154.2572784423828,159.58730866544224,152.65043241487155,155.60938587479396,131148300
2022-03-09,159.65586853027344,160.1065759424101,156.187438255504,158.21558423430952,91454900
2022-03-10,155.31544494628906,157.14763719865718,152.82678391494153,156.9614757494235,105342000
2022-03-11,151.60205078125,156.06007322521145,151.37670453340775,155.71714267170483,96970100
2022-03-14,147.57513427734375,151.0043799732345,147.06565710961667,148.38835719355112,108732100
2022-03-15,151.95480346679688,152.42511088063213,147.3400259647883,147.84950323761805,92964300
2022-03-16,156.3638153076172,156.76553056777536,151.3375306500096,153.8751690879972,102300200
2022-03-17,157.3729705810547,157.74529344907543,154.44342469949348,155.40360925613626,75615400
2022-03-18,160.66506958007812,161.15496186500974,156.53037749922927,157.2652159266267,123511700
2022-03-21,162.03675842285156,162.98715054298916,159.71465909153343,160.20455132045697,95811400
2022-03-22,165.4072265625,165.9950882926474,161.5762655771906,162.164127307338,81532000
2022-03-23,166.76913452148438,169.15000379737148,164.2608735199057,164.5940116285297,98062700
2022-03-24,170.5511016845703,170.61967882805246,166.76913277034842,167.60194065734933,90131400
2022-03-25,171.18797302246094,171.7366500272882,169.25779609098333,170.36495751522006,80546200
2022-03-28,172.0501708984375,172.1775327221898,168.52294058057433,168.6895021580393,90371900
2022-03-29,175.3422393798828,175.39121664425457,172.7751938429614,173.11812439551318,100589400
2022-03-30,174.17630004882812,175.979099995584,173.12792342578476,174.94053078604693,92633200
2022-03-31,171.08018493652344,174.43104638306448,170.87442359799343,174.2448849220912,103049300
2022-04-01,170.7862548828125,171.3447392929013,168.46417011530542,170.51191638497735,78751300
2022-04-04,174.83273315429688,174.88172536504146,170.91359549990895,171.04097225778014,76468400
2022-04-05,171.52108764648438,174.6955950948926,170.89402610794616,173.91176443413826,73401800
2022-04-06,168.35635375976562,170.1199686542609,166.69072328453476,168.87563829115544,89058800
2022-04-07,168.66009521484375,169.85543344405016,166.41639539463952,167.69991063657648,77594700
2022-04-08,166.6515655517578,168.30740398265033,165.7795578216243,168.30740398265033,76575500
2022-04-11,162.39926147460938,165.61295305467232,162.1543153788709,165.29942982629515,72246700
2022-04-12,164.2706756591797,166.4359910689201,163.27129126604743,164.62339868320723,79265200
2022-04-13,166.95526123046875,167.5823226689275,163.39865390857594,164.00611547230426,70618900
2022-04-14,161.9485626220703,167.80768430539896,161.70361651341247,167.17081545269417,75329400
2022-04-18,161.73306274414062,163.23213209405864,160.26338573831293,160.6063014028095,69023900
2022-04-19,164.01589965820312,164.4274222551572,160.59646173132168,161.68402299396155,67723800
2022-04-20,163.849365234375,165.4660187034269,162.74221886501599,165.34843439183405,67929800
2022-04-21,163.0557403564453,168.06243992326603,162.55605562621574,165.49540922825548,87227800
2022-04-22,158.51934814453125,164.4764404677371,158.2352171809879,163.09495550660975,84882400
2022-04-25,159.58729553222656,159.87142644375086,155.25665006996203,157.8628653370747,96046400
2022-04-26,153.63021850585938,159.0582182667308,153.55183394880203,158.9700412464134,95623200
2022-04-27,153.40487670898438,156.55976925790796,152.23893068313222,152.75821530720194,88063200
2022-04-28,160.33193969726562,161.19415486672693,155.717147988404,156.030686213781,130216800
2022-04-29,154.4630126953125,162.84017274008735,154.0711048951049,158.5683119363977,131747600
2022-05-02,154.76675415039062,155.0312851805643,150.17156281104934,153.54202362072925,123055300
2022-05-03,156.25604248046875,157.46118829235783,153.15993453329665,154.95292717961667,88966500
2022-05-04,162.6638641357422,163.11455673679546,156.0405098303941,156.44222515548867,108256500
2022-05-05,153.600830078125,160.76305283929582,151.8176149978829,160.53770657596968,130525300
2022-05-06,154.32693481445312,156.44638259515347,151.28513392702433,153.0807759379822,116124600
2022-05-09,149.20494079589844,152.90416000742098,148.6456508199546,152.0210492953049,131577900
2022-05-10,151.6089324951172,153.79707304983472,150.05859659800515,152.59997843272657,115366700
2022-05-11,143.74935913085938,152.5313135713574,143.07231197215032,150.61792919171955,142689800
2022-05-12,139.8833465576172,143.45500273614954,136.1939482434913,140.0894102672019,182602000
2022-05-13,144.34783935546875,145.319256344765,140.42294400487185,141.87515109235218,113990900
2022-05-16,142.807373046875,144.7502078730768,141.47290744658727,142.81719487180055,86643800
2022-05-17,146.4378662109375,146.95791370140876,143.92592034755194,146.06499632256597,78336300
2022-05-18,138.17599487304688,144.59319436014727,137.27325546059197,144.09277542323014,109742900
2022-05-19,134.7711639404297,139.00023828873597,134.03524571353756,137.2536602280289,136095600
2022-05-20,135.00665283203125,138.0582611166774,130.12015982972193,136.47848933641436,137426100
2022-05-23,140.42300415039062,140.57018180016163,135.06551311431642,135.202883911534,117726300
2022-05-24,137.72462463378906,139.30439614103204,134.7515166065387,138.16617251433556,104132700
2022-05-25,137.88162231445312,139.12776621000188,135.742545873108,135.8308524536192,92482700
2022-05-26,141.0803985595703,141.62988165478208,134.56507119637524,134.81037721904417,90601500
2022-05-27,146.83038330078125,146.8696256795322,142.5326166713653,142.6601806038178,90978500
2022-05-31,146.04537963867188,147.8312145429356,144.08293159739236,146.2710719434681,103718400
2022-06-01,145.91783142089844,148.89093902040028,144.90715690011942,147.08547543452738,74286600
2022-06-02,148.37091064453125,148.42978169809749,144.10257959347064,145.05436821890447,72348100
2022-06-03,142.65036010742188,145.19172685572278,141.7476357595722,144.14180991397814,88570300
2022-06-06,143.39608764648438,145.78046996633253,142.17936438712687,144.2693764860653,71598400
2022-06-07,145.91783142089844,146.20237980048756,141.39438806442126,141.63969407079793,67808200
2022-06-08,145.18191528320312,147.05604181726716,144.6913032640919,145.79026939576806,53950200
2022-06-09,139.96180725097656,145.17210490927135,139.85387199936835,144.31844471982856,69473000
2022-06-10,134.5552978515625,138.11713200650152,134.48660496140988,137.64614851793758,91437900
2022-06-13,129.4038543701172,132.6615109809625,128.97211331960065,130.37525676148604,122207100
2022-06-14,130.2672882080078,131.37607607962988,129.0113227305463,130.63035125622758,84784300
2022-06-15,132.8871612548828,134.76130271815364,129.67856950370555,131.76856647591572,91533000
2022-06-16,127.61798858642578,129.90424225906582,126.61713593346167,129.60006522049088,108123900
2022-06-17,129.08984375,130.58130861525225,127.37270152778396,127.62782938306579,134520300
2022-06-21,133.31890869140625,134.48656772231706,130.8167993077871,130.91491273074396,81000500
2022-06-22,132.80865478515625,135.17339289715906,131.39569003815623,132.25915684954347,73409200
2022-06-23,135.67385864257812,135.9878425646897,133.0834276529192,134.25108671150673,72433800
2022-06-24,139.00018310546875,139.24548908371264,137.14567050883647,137.273219436367,89116800
2022-06-27,139.00018310546875,140.7958246628887,138.3231362099494,140.0206493871563,70207900
2022-06-28,134.8594207763672,140.72713574825013,134.74167869464102,139.46136345282662,67083400
2022-06-29,136.61582946777344,138.02879459026983,134.1038981265762,134.87907356263912,66242400
2022-06-30,134.15296936035156,135.77198324759192,131.25836106107414,134.67301697127326,98964500
2022-07-01,136.3214111328125,136.42934634636708,133.1128201860554,133.4856750373731,71051600
2022-07-05,138.90208435058594,138.951148551157,134.35901187342057,135.18325151505502,73353800
2022-07-06,140.2365264892578,141.41399224615117,138.43107799720204,138.6960126584971,74064300
2022-07-07,143.60215759277344,143.79839942455877,140.58979232323185,140.5995991745189,66253700
2022-07-08,144.2791748046875,144.77960864232728,142.27748437099987,142.53259722881296,64547800
2022-07-11,142.14990234375,143.886672848055,141.08037188051733,142.93488446230452,63141600
2022-07-12,143.121337890625,145.66270453987497,142.32654882035914,143.0232094985196,77588800
2022-07-13,142.75828552246094,143.700252180436,139.4515504526769,140.30522551606126,71185600
2022-07-14,145.682373046875,146.15335651872334,140.56038100210378,141.3747989679362,78140700
2022-07-15,147.35040283203125,148.0274497717396,145.41739039952375,146.96772607988603,76259900
2022-07-18,144.30865478515625,148.72416382298212,143.94559163866427,147.90974591488566,81420900
2022-07-19,148.1648406982422,148.3905180514349,144.15163767930207,145.14266864096726,82982400
2022-07-20,150.16656494140625,150.83380527169302,147.54669777582993,148.28261602365345,64823400
2022-07-21,152.4331512451172,152.64902171844827,149.0871738807754,151.59910487340264,65086600
2022-07-22,151.19680786132812,153.3456908921451,150.52958270466215,152.47240210045547,66675400
2022-07-25,150.0782470703125,152.1290021734992,149.4208286149878,151.11834238686484,53623900
2022-07-26,148.75357055664062,150.21558479499407,147.96858832963514,149.4011670445513,55138700
2022-07-27,153.84609985351562,154.37596918243503,149.30304304810883,149.7151553193297,78620700
2022-07-28,154.3956298828125,154.68017830567564,151.51082841353704,154.03256675700305,81378700
2022-07-29,159.45870971679688,160.5576907977121,156.5052308137223,158.21256599444197,101786900
2022-08-01,158.47750854492188,160.5184565925083,157.86915435741844,157.98689646537588,67829400
2022-08-02,157.00564575195312,159.36059231885778,156.63279081571793,157.09396729027588,59907000
2022-08-03,163.0107421875,163.4620968271696,157.73175246172306,157.82005902527283,82507500
2022-08-04,162.69677734375,164.05087149041262,161.3426831970874,162.8930191834261,55474100
2022-08-05,162.47079467773438,162.96208826310027,160.16170882927858,160.368058732092,56697000
2022-08-08,161.99913024902344,164.88793871959618,161.3407986917232,163.47301089783898,60276900
2022-08-09,162.04824829101562,162.93258559805665,160.40732977942574,161.16392597706255,63135500
2022-08-10,166.29306030273438,166.3913100252121,163.99379489901474,164.76021170255777,70170500
2022-08-11,165.55609130859375,168.0125588424397,165.26131220591463,167.09874512344325,57149200
2022-08-12,169.10325622558594,169.1720295303759,166.4502588992338,166.8629587003345,68039400
2022-08-15,170.17425537109375,170.37076978453467,168.36629877849532,168.53333677957454,54091700
2022-08-16,170.0170440673828,170.6852110892498,168.67090454328755,169.77139729331643,56377100
2022-08-17,171.51060485839844,173.08273543845684,169.56508633127143,169.76160077964232,79542000
2022-08-18,171.1175537109375,171.85449410589086,170.10549010131544,170.7245248308653,62290100
2022-08-19,168.5333251953125,170.71466951867444,168.3269753298755,170.0170261568602,70346300
2022-08-22,164.65213012695312,166.9022480242965,164.22960987091767,166.73521001384654,69026800
2022-08-23,164.3180389404297,165.77227866474297,163.74813661491604,164.17065687050786,54147100
2022-08-24,164.61279296875,165.18269520734955,163.35508285359487,164.40645810232692,53841500
2022-08-25,167.06927490234375,167.17736007756102,165.41853585512217,165.84104108991514,51218200
2022-08-26,160.7708740234375,168.07150295198872,160.71192120457525,167.59986540800332,78961000
2022-08-29,158.56988525390625,160.06340660842702,157.03705202563728,158.34387946257124,73314000
2022-08-30,156.1428985595703,159.72933499269527,154.9736176696823,159.30682979347176,77906200
2022-08-31,154.48236083984375,157.78385443277264,154.40375206464415,157.51855169061037,87991100
2022-09-01,155.20947265625,155.66145434866903,151.97675253984187,153.91245042285962,74229900
2022-09-02,153.0968780517578,157.56765189981036,152.2715085702032,156.9682732301626,76957800
2022-09-06,151.8391876220703,154.3546082697241,151.01381803326322,153.74540904842692,73714800
2022-09-07,153.24429321289062,153.9419216691413,150.93520749298594,152.1241445003408,87449600
2022-09-08,151.7703857421875,153.63729493578492,150.0213671908206,151.9472441951636,84923800
2022-09-09,154.62969970703125,155.07187581808674,152.0553267593616,152.76279054534643,68028800
2022-09-12,160.58419799804688,161.39974706706778,156.52612358553827,156.81106723949068,104956000
2022-09-13,151.16116333007812,157.74449248447965,150.6993462930314,157.11563747555653,122656600
2022-09-14,152.60560607910156,154.36444545311878,150.93521094229624,152.09465656902455,87965400
2022-09-15,149.71682739257812,152.53686323851036,148.74407552679074,151.95712531627854,90481100
2022-09-16,148.07586669921875,148.71455728301882,145.78643705402317,148.57699569456918,162278800
2022-09-19,151.7900390625,151.8686478234834,146.50373107588743,146.71006595451675,81474200
2022-09-20,154.1678924560547,155.32735289857166,150.41441795742156,150.72883799724963,107689800
2022-09-21,151.0432891845703,155.97588059110078,150.92538353116046,154.60024966459952,101696800
2022-09-22,150.08033752441406,151.78020876552435,148.28220159016286,149.7266056194288,86652500
2022-09-23,147.81057739257812,148.83247642204518,145.97314422465584,148.55735322020942,96029900
2022-09-26,148.14468383789062,151.09244558704148,147.03435544792117,147.05401139098115,93339400
2022-09-27,149.1173858642578,152.02584974992726,147.33890593458156,150.08033184270485,84442700
2022-09-28,147.2308349609375,148.01690757279204,142.31789987820665,145.06914652315353,146691400
2022-09-29,139.9989776611328,144.16515152497595,138.2303182381293,143.55595244325275,128138200
2022-09-30,135.79354858398438,140.60823487907734,135.59703414181732,138.819918971248,124925300
2022-10-03,139.9695281982422,140.57874239032802,135.29241903979042,135.8033685254817,114311700
2022-10-04,143.5559844970703,143.67389015390162,141.74801279814906,142.50460908002574,87830100
2022-10-05,143.85072326660156,144.8136692711772,140.51975411083046,141.56130887045842,79471000
2022-10-06,142.89764404296875,144.9709035584296,142.69130913468942,143.2710319630231,68402200
2022-10-07,137.65061950683594,140.60821619318722,137.02176437961742,140.05795483791823,85925600
2022-10-10,137.97491455078125,139.41931916166888,136.15713694040292,137.97491455078125,74899000
2022-10-11,136.55992126464844,138.88866238055874,135.81316062854552,137.4638994009055,77033700
2022-10-12,135.93106079101562,137.91589041966,135.75420235526866,136.70731279613284,70433700
2022-10-13,140.50013732910156,141.08968060374895,132.03022618093473,132.6394403890868,113224000
2022-10-14,135.97042846679688,142.00351358269472,135.78373449038298,141.79716366321318,88598000
2022-10-17,139.9302215576172,140.41167960335844,137.82748592791265,138.61355854500806,85250900
2022-10-18,141.24685668945312,144.14548483681097,138.1615346456643,142.95656316967438,99136600
2022-10-19,141.35496520996094,142.42598143245377,139.03605931008337,139.22275323737964,61758300
2022-10-20,140.89315795898438,143.34962560942563,140.16603813694184,140.52960554450746,64522000
2022-10-21,144.70559692382812,145.27549920361895,140.1660346242772,140.38220497154572,86548600
2022-10-24,146.84764099121094,147.61405773965313,143.45771845108737,144.62699951406933,75981900
2022-10-25,149.68731689453125,149.83471395703802,146.75921150175503,147.476495894735,74732300
2022-10-26,146.74937438964844,149.34340346890698,145.4621728259598,148.33134005875115,88194300
2022-10-27,142.27862548828125,146.4546209688135,141.62029388228584,145.49168973842666,109180200
2022-10-28,153.02810668945312,154.75745443354808,145.24601935139384,145.6193922207591,164762400
2022-10-31,150.66989135742188,151.55422867895751,149.27461957607085,150.49303288896766,97943200
2022-11-01,148.02676391601562,152.74318573696127,146.5332420839713,152.37963325052954,80379300
2022-11-02,142.50460815429688,149.5202795588878,142.47513174028055,146.35634784769096,93604600
2022-11-03,136.46170043945312,140.31344004952294,136.33395931941936,139.58632020230726,97918500
2022-11-04,136.1959686279297,140.4182534262788,132.25910018387182,139.84740569973505,140814800
2022-11-07,136.72740173339844,136.95376740177366,133.52869700052665,134.94597165427223,83374600
2022-11-08,137.29830932617188,139.1978414508791,135.32003801761655,138.19395064723454,89908500
2022-11-09,132.74134826660156,136.36327480735815,132.46576869499577,136.31406095143706,74917800
2022-11-10,144.5519561767578,144.5519561767578,137.2982811810409,139.0108242882595,118854000
2022-11-11,147.33729553222656,147.64240042758996,142.09141663457416,143.51854343102002,93979700
2022-11-14,145.939697265625,147.90813128864986,145.10310679865555,146.61880940644215,73374100
2022-11-15,147.67190551757812,151.16587871608763,146.21526862726066,149.81750629168315,89868300
2022-11-16,146.44163513183594,147.50459125268796,144.96530968920132,146.77628031248196,64218300
2022-11-17,148.34121704101562,149.08921670380388,143.84333724490105,144.11891685845265,80389400
2022-11-18,148.90219116210938,150.2899408094876,147.60303246304494,149.9060967599958,74829600
2022-11-21,145.67391967773438,147.99667187090387,145.388503420461,147.78999475790224,58724100
2022-11-22,147.80967712402344,148.04589457097163,144.6109724091407,145.7920446259246,51804100
2022-11-23,148.6856689453125,149.43366845656658,146.98296272757275,147.09122719796105,58301400
2022-11-25,145.7723846435547,146.5302359602774,144.79800437919693,145.96922504559745,35195900
2022-11-28,141.94378662109375,144.32559012136235,141.11704788902577,142.8492645206864,69246000
2022-11-29,138.94189453125,142.5244433578434,138.13484450256723,142.012646377485,83763800
2022-11-30,145.69366455078125,146.3727767919922,138.3317244213744,139.16829999405587,111380900
2022-12-01,145.96923828125,146.77630352615344,144.29607218523327,145.87082558028513,71250400
2022-12-02,145.4771270751953,145.66413072697534,143.35121453595042,143.6563344518848,65447400
2022-12-05,144.31573486328125,148.53801893223152,143.4693076933105,145.43774157529282,68826400
2022-12-06,140.6544647216797,144.97517704731527,139.68008441838234,144.74881132681773,64727200
2022-12-07,138.71554565429688,141.10718574311466,137.7903792762826,139.9458168978351,69721100
2022-12-08,140.39854431152344,141.25482328488022,138.8730200272998,140.1131279990439,62128300
2022-12-09,139.91629028320312,143.27247380855323,138.67616726979998,140.09344213199822,76097000
2022-12-12,142.2095184326172,142.21935519606154,138.8336463442299,140.44776160871248,70462700
2022-12-13,143.17405700683594,147.60303377953338,141.9634742273276,147.1404505596148,93886200
2022-12-14,140.9497528076172,144.34529916781915,138.93210452988586,143.05597702965818,82291200
2022-12-15,134.34564208984375,139.5619960317231,133.88305882406812,138.88288378971373,98931900
2022-12-16,132.38702392578125,135.47746472052233,131.61933586337778,134.5326248058533,160156900
2022-12-19,130.2808380126953,133.06617474856859,129.24742187144693,132.977598796684,79592600
2022-12-20,130.2119140625,131.14691722297425,127.83994745250583,129.31627297471567,77432800
2022-12-21,133.3122100830078,134.6507460089221,130.65482677922608,130.881192518899,85928000
2022-12-22,130.14303588867188,132.43626376220547,128.24350390512237,132.2295865606811,77852100
2022-12-23,129.7788543701172,130.33001348787815,127.59389142616514,128.8536879861786,63814900
2022-12-27,127.9777603149414,129.3359848460805,126.6884381958862,129.30645953174815,69007800
2022-12-28,124.05071258544922,128.96195335269854,123.88339749624971,127.62341762114275,85438400
2022-12-29,127.56440734863281,128.42067161063116,125.71408149167755,125.96997258821519,75703700
2022-12-30,127.87931060791016,127.89899915340173,125.41877555904108,126.38331154566909,77034200
2023-01-03,123.09600830078125,128.83398716375524,122.21021158237852,128.22377748695044,112117500
2023-01-04,124.36566925048828,126.62937150933897,123.10587260552037,124.8873030948284,89113600
2023-01-05,123.04681396484375,125.75341088924934,122.79092293482029,125.12351256937882,80962700
2023-01-06,127.57421875,128.2336424206293,122.91887596059405,124.02120184221346,87754700
2023-01-09,128.0958709716797,131.30442886555136,127.83997988936822,128.41082770495254,70790800
2023-01-10,128.66668701171875,129.18832083166095,126.09787998496417,128.20410381019116,63896200
2023-01-11,131.38314819335938,131.402821722743,128.40097153395064,129.17849644752224,69458900
2023-01-12,131.3043670654297,132.14094233575875,129.36545876543678,131.7669501634761,71379600
2023-01-13,132.63307189941406,132.7905502170586,129.58200833933589,129.94616380817476,57809700
2023-01-17,133.7944793701172,135.12316348796887,132.01304876349633,132.70199775252627,63646600
2023-01-18,133.07598876953125,136.42232060237055,132.8988218980733,134.6605787592018,69672800
2023-01-19,133.13504028320312,134.0995687562006,131.65871475561192,131.96381962844052,58280400
2023-01-20,135.69398498535156,135.84162653742413,132.1015991542997,133.14486670992753,80223600
2023-01-23,138.8828582763672,141.0579844042408,135.72351517113088,135.94004410758743,81760300
2023-01-24,140.28045654296875,140.90051809732327,138.0856567013407,138.0954934654877,66435100
2023-01-25,139.6210479736328,140.1820439497328,136.61918260935104,138.6663561197799,65799300
2023-01-26,141.68788146972656,141.9732977828438,139.6603818984353,140.9103416541343,54105100
2023-01-27,143.6267852783203,144.9062704324847,140.82177572822627,140.90051489349364,70555800
2023-01-30,140.7430419921875,143.2527985417942,140.59541543784155,142.6721140707524,64015300
2023-01-31,142.01268005371094,142.06189391275458,140.0344090710312,140.4477784546675,65874500
2023-02-01,143.1346893310547,144.29607334830789,139.08957136310852,141.69774073810188,77663600
2023-02-02,148.4396209716797,148.79392468833726,145.83143680858885,146.54991104174482,118339000
2023-02-03,152.06153869628906,154.8960886893848,145.496812581912,145.6936529941079,154357300
2023-02-06,149.33523559570312,150.68362304726807,148.40023248441526,150.16198925829823,69858300
2023-02-07,152.20913696289062,152.77998456473935,148.26243261630023,148.26243261630023,83322600
2023-02-08,149.52223205566406,152.14025265616812,148.78406936876726,151.45130381865607,64120100
2023-02-09,148.48883056640625,151.89422837459855,148.0459358705389,151.3529059605557,56007100
2023-02-10,148.85353088378906,149.17882019931434,147.08909918660703,147.32567733632254,57450700
2023-02-13,151.6530303955078,152.0571641707688,148.76486292893324,148.79443332612567,62199000
2023-02-14,151.0122833251953,151.57415087909246,148.70570240485208,149.94770404483108,61707600
2023-02-15,153.11184692382812,153.27941747242824,150.69683660205456,150.92354792770303,65573800
2023-02-16,151.51499938964844,154.09758049199988,151.16013965459408,151.31784339392544,68167900
2023-02-17,150.37156677246094,150.8151376986906,148.69584602843153,150.17442580979125,59144100
2023-02-21,146.35968017578125,149.1394173925265,146.29068760704538,148.05511953332274,58867200
2023-02-22,146.78350830078125,147.80865006019064,145.05849901188733,146.74407109413818,51011300
2023-02-23,147.26651000976562,148.19308888929672,145.13736699227027,147.94665897626774,48394200
2023-02-24,144.6149444580078,145.0880857046954,143.6390765358812,145.0092263234326,55469600
2023-02-27,145.8076629638672,147.039812645864,145.34437348016522,145.60067024018994,44998500
2023-02-28,145.30496215820312,146.95111245136155,144.73324285815977,144.9501024216552,50547000
2023-03-01,143.2349853515625,145.12756613901323,142.93926631332752,144.73328411529664,55479000
2023-03-02,143.82635498046875,144.61493369350907,141.8450488958328,142.31820514818978,52238100
2023-03-03,148.873291015625,148.95215042086005,145.22613000864172,145.92598278865077,70732300
2023-03-06,151.63327026367188,154.06799923846452,151.26855877090114,151.59383305095145,87558000
2023-03-07,149.43511962890625,151.83041139396585,148.9718301446463,151.50512207262017,56182000
2023-03-08,150.68699645996094,151.2784344169459,149.6618543808646,150.62785567244086,47204800
2023-03-09,148.4395294189453,152.33311931510104,148.08466971716794,151.36711819838627,53833600
2023-03-10,146.37937927246094,148.78453780981002,145.5020893181875,148.06496662146847,68572400
2023-03-13,148.32125854492188,150.9531285889032,145.59081050522525,145.69924028415588,84457100
2023-03-14,150.4109649658203,151.2093955139033,147.95653254628945,149.11967456920323,73695900
2023-03-15,150.80526733398438,151.06154904978908,147.7791005346977,149.03096880678774,77167900
2023-03-16,153.62442016601562,154.22570978036399,149.47453364061312,149.98711209240733,76161100
2023-03-17,152.7865753173828,154.50173325502132,152.07685582876627,153.85115455030763,98944600
2023-03-20,155.15228271484375,155.5662982460434,151.94869352566715,152.85556893212473,73641400
2023-03-21,157.00546264648438,157.1237442200261,154.3045847371103,155.0734600878072,73938300
2023-03-22,155.57615661621094,159.82460651427928,155.5564380089166,157.0251659140942,75701800
2023-03-23,156.6604461669922,159.24304236266408,155.428296373163,156.56188320802048,67622100
2023-03-24,157.96157836914062,158.0502895303303,155.59585715875076,156.59142861861952,59196500
2023-03-27,156.01971435546875,158.47416184588545,155.61556566491817,157.6560126824132,52390300
2023-03-28,155.3987274169922,156.226743517172,153.7525770821358,155.71416498675424,45992200
2023-03-29,158.4741973876953,158.75019776487642,157.07447689173614,157.09418046089732,51305700
2023-03-30,160.0414581298828,160.1498879032855,158.96702721945866,159.22330893800608,49501700
2023-03-31,162.54519653320312,162.64377453412575,159.597903820846,160.12033413577524,68749800
2023-04-03,163.7969970703125,163.9152785896902,161.874847176,161.9241361560357,56976200
2023-04-04,163.26473999023438,164.45745226747852,162.7521615936014,164.22088919279193,46278300
2023-04-05,161.4214630126953,162.69304993016723,159.48946069965245,162.38747921010668,51511700
2023-04-06,162.3086395263672,162.60435849941234,159.6866210280676,160.11047335808198,45390100
2023-04-10,159.7161865234375,159.7161865234375,157.79403581892626,159.11489681167845,47716900
2023-04-11,158.50372314453125,160.04144339602837,158.21785602238293,160.03159161422226,47644200
2023-04-12,157.81373596191406,159.7457382241708,157.49829842634344,158.9177372546322,50133100
2023-04-13,163.1957550048828,163.4323331532267,159.11487595150933,159.32188371142138,68445600
2023-04-14,162.85076904296875,163.94491858408577,161.48061917083933,162.23961256067847,49386500
2023-04-17,162.8704833984375,163.02820218114718,161.6876226098968,162.73248322378927,41516200
2023-04-18,164.09275817871094,165.019337094876,163.28446081239204,163.72804670609275,49923000
2023-04-19,165.23622131347656,165.75865162452376,163.1760554202755,163.43235220441335,47720200
2023-04-20,164.27020263671875,165.47278202514906,163.19577163848064,163.71820194187683,52456400
2023-04-21,162.66348266601562,164.07305473489896,162.14105238473394,162.69305305620966,58337300
2023-04-24,162.96905517578125,163.23520373133107,161.54961626736943,162.643765839196,41949600
2023-04-25,161.4313201904297,163.93504162144998,161.3918829793584,162.83104036567903,48714100
2023-04-26,161.4214630126953,162.91976126426218,160.47518046288778,160.73146218660858,45498800
2023-04-27,166.00506591796875,166.1529178634098,162.83104713478986,162.83104713478986,64902300
2023-04-28,167.2569122314453,167.42449781718415,165.48262879614657,166.08391841749662,55275900
2023-05-01,167.16822814941406,168.01594783420873,166.23179728666088,166.8626573980738,52472900
2023-05-02,166.13320922851562,167.91737470896658,165.1474894240389,167.66107793363267,48425700
2023-05-03,165.0587921142578,168.47924132633688,164.7729399649435,167.07952089132834,65136000
2023-05-04,163.42247009277344,164.65461977543495,161.96360907995128,162.535328337613,81235400
2023-05-05,171.09140014648438,171.81097141948842,168.32151475691046,168.53837432535954,113453200
2023-05-08,171.0223846435547,171.36739258858663,169.65223472844943,170.0169462399646,55962800
2023-05-09,169.3170928955078,171.06180609803263,169.14952233576255,170.57881302608763,45326900
2023-05-10,171.08152770996094,171.54481722364216,169.4452292165715,170.54924563088602,53724500
2023-05-11,171.268798828125,172.09679977091955,169.71135988855104,171.3673768150292,49514700
2023-05-12,170.3409423828125,171.8116866019269,168.79121464447562,171.3773676163626,45533100
2023-05-15,169.847412109375,170.97268634600138,169.2551561693846,170.92332917405315,37266700
2023-05-16,169.847412109375,170.903583292935,169.58089543020992,169.76844364659667,42110300
2023-05-17,170.45936584472656,170.69625612547324,168.21868321528598,169.49202872106457,57951600
2023-05-18,172.78892517089844,172.97647339745131,170.35082834910114,170.76540150488879,65496700
2023-05-19,172.8975067138672,174.11161490131875,172.68034719263906,174.11161490131875,55809500
2023-05-22,171.94989013671875,172.45331220735133,171.2095777379714,171.73273062815065,43570900
2023-05-23,169.34397888183594,171.1404774028389,169.0675968111729,170.89370662105455,50747300
2023-05-24,169.62039184570312,170.19290197111815,168.31744971265542,168.88007936551583,45143500
2023-05-25,170.7555389404297,171.65377326209193,169.47232768730396,170.18302884098296,56058300
2023-05-26,173.16400146484375,173.49962120538788,170.87397623432938,171.08127033696854,54835000
2023-05-30,175.00987243652344,176.6780456265802,174.28930584342234,174.6742677286896,55964400
2023-05-31,174.96051025390625,177.03339115324283,174.47683402760893,175.03947872320146,99625300
2023-06-01,177.7637939453125,177.79340523372372,174.64460769798924,175.40466591116137,68901800
2023-06-02,178.6127166748047,179.43199760539318,176.94454352013497,178.69168514468382,61996900
2023-06-05,177.26040649414062,182.56103856696868,175.74028990045602,180.27101332814428,121946500
2023-06-06,176.89520263671875,177.79343698174293,175.13818052764557,177.64538051324874,64848400
2023-06-07,175.52316284179688,178.86937468745242,175.02962118278163,176.13514967923302,61944600
2023-06-08,178.2376251220703,178.50412674833163,175.1677956906412,175.60209965770608,50214900
2023-06-09,178.62257385253906,179.8761586114367,178.29683460490384,179.15559212759166,48900000
2023-06-12,181.416015625,181.51472997018058,178.63244881890137,178.92857679274874,54274900
2023-06-13,180.9422149658203,181.7713612206094,180.08345742062403,180.4388079672042,54929100
2023-06-14,181.57394409179688,182.00826309164242,179.668880824476,181.00143405215442,57462900
2023-06-15,183.60731506347656,184.11073706491703,181.406124051015,181.58380683437406,65433200
2023-06-16,182.53143310546875,184.57470266619666,181.88983501651188,184.31805138125782,101256200
2023-06-20,182.6202392578125,183.69617128575536,182.0279984336963,182.0279984336963,49799100
2023-06-21,181.58383178710938,183.015099412311,180.23151756348105,182.51167734169172,49515700
2023-06-22,184.58457946777344,184.63393664574576,181.29759022920584,181.36669329070625,51245300
2023-06-23,184.2686767578125,185.13731475683954,182.6202496908907,183.15328303090953,53117000
2023-06-26,182.87689208984375,185.62098193195177,182.83740033087778,184.41673933227065,48088700
2023-06-27,185.63087463378906,185.95661391553264,183.27174625542975,183.48890577659213,50730800
2023-06-28,186.80551147460938,187.4471095844542,185.17683008088284,185.50255431027165,51216800
2023-06-29,187.14109802246094,187.61490879718235,186.49949997485513,186.63769101872532,46347300
2023-06-30,191.4645233154297,191.96793030893548,188.7895213028153,189.15475231695294,85213200
2023-07-03,189.97402954101562,191.37568580561538,189.28305928715224,191.27697146600818,31458200
2023-07-05,188.858642578125,190.48732393792235,188.15780683402295,189.09554798353173,46920300
2023-07-06,189.33242797851562,189.53972207962792,186.756140199604,187.3878728511301,45094300
2023-07-07,188.21702575683594,190.1813268348204,187.78272178125238,188.93760736945495,46815000
2023-07-10,186.1737518310547,187.53593138541007,184.62402407003376,186.8153498480431,59922200
2023-07-11,185.65060424804688,186.85484691926047,184.18972537508213,186.71665587805697,46638100
2023-07-12,187.3188018798828,189.2238654174545,186.0355905787657,187.22995293607858,60750200
2023-07-13,188.07882690429688,188.72044002337208,187.32864909209994,188.03935020331573,41342300
2023-07-14,188.2269287109375,188.71058991883484,187.18062275708184,187.77286373726778,41616200
2023-07-17,191.4842529296875,191.8099921548826,189.3324039740118,189.42123783678522,50520200
2023-07-18,191.22763061523438,191.8198865800326,189.93455398917624,190.85254922844402,48288200
2023-07-19,192.57994079589844,195.66950100927124,190.16157487576123,190.6057743707706,80507300
2023-07-20,190.6353759765625,193.93223012421538,190.01350876450033,192.57005054034346,59581200
2023-07-21,189.46075439453125,192.45161532627134,188.75991868585442,191.59285775033445,71951700
2023-07-24,190.26028442382812,192.3923877240068,189.76674282999198,190.9117629424984,45377800
2023-07-25,191.11904907226562,191.92846454581797,190.42809382758358,190.83280156435973,37283200
2023-07-26,191.98770141601562,193.11297577300414,190.82295035426253,191.1684204714641,47471900
2023-07-27,190.72421264648438,194.65279947329122,190.06286872536143,193.48804855415668,47460200
2023-07-28,193.30050659179688,194.09017617119656,191.63233355900982,192.15548645475204,48291400
2023-07-31,193.91249084472656,193.95198260711592,192.7378594315981,193.52752900074864,38824100
2023-08-01,193.08335876464844,194.1888872056883,192.7576194786216,193.70522604358104,35175100
2023-08-02,190.0924835205078,192.65889079076135,189.37191700535638,192.52069974591456,50389300
2023-08-03,188.70068359375,189.8851803589987,188.22688789998924,189.09552588996192,61235200
2023-08-04,179.6392822265625,184.95966022717982,179.57017917093492,183.12368481919472,115956800
2023-08-07,176.5398406982422,180.7645556934903,175.0592158617292,179.77747246914834,97576100
2023-08-08,177.47756958007812,177.94149990785485,175.2862435821482,177.3689898212007,67823000
2023-08-09,175.8883514404297,178.59294967088076,174.72358547458126,178.53372709089916,60378500
2023-08-10,175.6711883544922,178.41527829006225,175.30597241092943,177.1616784798233,54686900
2023-08-11,175.7305145263672,176.55090180538758,174.50488805624465,175.26597277471524,52036700
2023-08-14,177.38116455078125,177.60849603671858,175.2560608313475,175.90841909398483,43675600
2023-08-15,175.39443969726562,177.40092323969566,174.99907927707545,176.8078826094104,43622600
2023-08-16,174.52464294433594,176.47180884084688,174.45544657600635,175.07815356283987,46964900
2023-08-17,171.98439025878906,175.4537251155125,171.47040969711574,175.08801600845376,66062900
2023-08-18,172.46873474121094,173.07166917955516,169.96804315644715,170.30410101859755,61172200
2023-08-21,173.8031005859375,174.08974972921308,171.7274356199635,173.04203097276417,46311900
2023-08-22,175.17698669433594,175.62177093693052,174.2083431088137,175.00895776189057,42038900
2023-08-23,179.02191162109375,179.44693836874362,176.26423745502308,176.45203891919172,52722800
2023-08-24,174.3368377685547,179.0021629998802,173.97111355320405,178.57713623123834,54945800
2023-08-25,176.54100036621094,177.07473842454561,173.78332608108835,175.3252527852027,51449600
2023-08-28,178.1027069091797,178.49806733287568,176.48170504077262,178.003859262239,43820700
2023-08-29,181.98719787597656,182.75816135607317,177.42071955816803,177.6183997947506,53003900
2023-08-30,185.4762725830078,185.67396786591692,182.5999932338842,182.79767343476072,60813900
2023-08-31,185.6937255859375,186.9292456956689,185.30824391498263,185.66407430986655,60794500
2023-09-01,187.2653350830078,187.7199980774023,186.09899615427736,187.29498636168424,45766500
2023-09-05,187.50253295898438,187.77928826308653,185.4367469097816,186.09898389331408,45280000
2023-09-06,180.7912139892578,186.66240873519862,179.36789222272253,186.21760937163043,81755800
2023-09-07,175.50314331054688,176.14562276256126,171.5297067502884,173.15070839406067,112488800
2023-09-08,176.11598205566406,178.15213198996554,175.7305003611282,176.2840260730559,65551300
2023-09-11,177.28231811523438,178.21143169284028,175.28571330476424,177.98410020535158,58953100
2023-09-12,174.2577667236328,178.043402311121,172.79491507430095,177.4108165912451,90370200
2023-09-13,172.1919708251953,175.24617287306006,171.96462426919445,174.46531572894506,84267900
2023-09-14,173.7042694091797,174.06009984649242,171.5692867853032,171.98441978182902,60895800
2023-09-15,172.9827117919922,174.45545734300367,171.80650919609533,174.43568479625586,109259500
2023-09-18,175.90841674804688,177.30208708635865,174.1292647291417,174.43567131089117,67257600
2023-09-19,176.9956817626953,177.54919237650395,175.07815207769175,175.46363376102514,51826900
2023-09-20,173.4571533203125,177.61837681135137,173.36818440563272,177.18347129792434,58436200
2023-09-21,171.9152069091797,174.25776334751873,171.846025624082,172.5280351536478,63149100
2023-09-22,172.7652130126953,175.02869392842865,172.03379488019485,172.6466079278639,56725400
2023-09-25,174.04034423828125,174.9200341436397,172.13269293306647,172.1821167645658,46172700
2023-09-26,169.96807861328125,173.17053786753587,169.6715506981001,172.79494991820698,64588900
2023-09-27,168.4557647705078,171.03553164114703,167.0917606780329,170.62039864934732,66921800
2023-09-28,168.71275329589844,170.03722730338785,165.67830850769053,167.37838547451082,56294400
2023-09-29,169.2267303466797,171.06518493104676,168.36679806748614,170.02734498983367,51861100
2023-10-02,171.73728942871094,172.28092127496365,168.94994891630552,169.2365980179806,52164500
2023-10-03,170.40292358398438,171.61868620307462,168.84123947337378,170.26454593815689,49594600
2023-10-04,171.64837646484375,172.1920084405094,168.9895342327991,169.10813936129497,53020300
2023-10-05,172.8838653564453,173.41760341955526,170.67968657288918,171.77682905786853,48527900
2023-10-06,175.4340057373047,175.92821386257307,171.17391902858174,171.78674735969838,57266700
2023-10-09,176.91661071777344,176.9759132731787,173.76356081110382,174.76185568517045,42390800
2023-10-10,176.3235626220703,177.63815795783916,175.8886570875863,176.03692856454262,43698000
2023-10-11,177.7172088623047,177.76663268122664,175.5426965680271,176.13573714899445,47551100
2023-10-12,178.61669921875,180.2278073787141,176.96603088257305,177.98411345020415,56743100
2023-10-13,176.7782440185547,179.82255265296823,176.0764618780152,179.31846581874476,51427100
2023-10-16,176.64971923828125,177.00554962273654,174.46531311220224,174.7025383958498,52517000
2023-10-17,175.09791564941406,176.35320838797153,172.77514673671925,174.60370757241088,57549400
2023-10-18,173.8031005859375,175.5229501994882,173.08156098457755,173.5461178040648,54764400
2023-10-19,173.42750549316406,175.77992569036093,173.16062890788183,174.0007735918687,59302900
2023-10-20,170.8773956298828,173.3879661145723,170.64017031492207,173.27923973046956,64244000
2023-10-23,170.99598693847656,171.99428177951037,167.96154224302492,168.93020088937016,55980100
2023-10-24,171.43087768554688,171.65820914819068,169.46392436745393,171.04539603931104,43816600
2023-10-25,169.11801147460938,171.0552987076063,168.67321213575732,169.88897487497013,57157000
2023-10-26,164.95675659179688,169.39475015606334,163.75088778515044,168.39644027726376,70625300
2023-10-27,166.2713623046875,167.00279566914165,164.89746448966903,164.97653958977486,58499100
2023-10-30,168.3173828125,169.18719386762373,166.91383366211736,167.06210513671374,51131000
2023-10-31,168.7918243408203,168.92030818010912,165.9550598323106,167.38827526603964,44846000
2023-11-01,171.9547576904297,172.2117404582064,168.14934950515965,169.01916053768616,56934900
2023-11-02,175.51309204101562,175.72065102092634,173.42753301608946,173.48683558177822,77334800
2023-11-03,174.60372924804688,174.77177328727882,171.34196760053152,172.2216574835222,79829200
2023-11-06,177.15382385253906,177.35150406781844,174.16881791314302,174.33684685023218,63841300
2023-11-07,179.71383666992188,180.32664987384885,176.89684453064555,177.10440348202485,70530000
2023-11-08,180.7714080810547,181.32491864766183,179.48646421884135,180.23767005812115,49340300
2023-11-09,180.29701232910156,181.9871956757889,179.70395654448856,180.84064428465763,53763500
2023-11-10,184.4834747314453,184.65174012268164,181.64298820237886,182.07846664625706,66133400
2023-11-13,182.8999481201172,184.11729742228064,182.31601793716675,183.9094650326421,43627500
2023-11-14,185.5128173828125,186.17592689168708,184.38453902262373,185.7701387274506,60108400
2023-11-15,186.07691955566406,187.55160515956638,185.84928859059917,185.91857611582427,53790500
2023-11-16,187.7594757080078,188.9966236513369,186.7103615664657,187.6209157424311,54412900
2023-11-17,187.73965454101562,188.42256253993392,186.63117494967102,188.2938943366879,50922700
2023-11-20,189.4815673828125,189.93684445013852,187.92771748948175,187.93760923589429,46505100
2023-11-21,188.67990112304688,189.55085808280586,187.78916067013205,189.44198846283598,38134500
2023-11-22,189.343017578125,190.94635649331246,188.8679569924961,189.52117473642568,39617700
2023-11-24,188.01678466796875,188.93721542830764,187.30418629136327,188.9075250877743,24048300
2023-11-27,187.83863830566406,188.70959528304604,186.95778958150402,187.96730652329646,40552600
2023-11-28,188.44236755371094,189.11538388382388,187.45264920500045,187.82874701011957,38415400
2023-11-29,187.42294311523438,190.11497800569174,187.02706184977393,188.93721085337887,43014200
2023-11-30,187.99700927734375,188.36321535895866,186.2551103094808,187.88813964798328,48794400
2023-12-01,189.2737274169922,189.59042941044567,187.2843840288066,188.37308016671426,45704800
2023-12-04,187.48231506347656,188.09595062883508,185.52267721747734,188.0266631045601,43389500
2023-12-05,191.4313201904297,192.40123993854135,188.22462732075607,188.25433276481266,66628400
2023-12-06,190.34263610839844,192.75753614335477,190.1347886146608,192.45072587794942,41089700
2023-12-07,192.27256774902344,192.99505783958267,191.5995514892092,191.63914867608756,47477700
2023-12-08,193.69776916503906,193.97488907234165,191.67873543823174,192.2032849129047,53406400
2023-12-11,191.1937713623047,191.5005967167582,189.4518726145205,191.12449893522992,60943700
2023-12-12,192.7080535888672,192.71794533501543,189.748790485074,191.09480795445688,52696900
2023-12-13,195.92466735839844,195.96424945082313,192.84664243214013,193.08416519049783,70404200
2023-12-14,196.07308959960938,197.56755876987646,194.14314196862804,195.9840185786185,66831600
2023-12-15,195.53863525390625,196.36008808380646,194.97448862167192,195.49903806818725,128538400
2023-12-18,193.8759307861328,194.6083278162061,192.39135323196817,194.07387143964067,55751900
2023-12-19,194.9151153564453,194.92500710230044,193.87590816937887,194.14313632648785,40714100
2023-12-20,192.8268280029297,195.6475162401682,192.8268280029297,194.87553713507947,52242800
2023-12-21,192.6783447265625,195.0536776254948,191.51048442189503,194.08375795359612,46482500
2023-12-22,191.60946655273438,193.40085423729087,190.98593919883143,193.17320815773428,37149600
2023-12-26,191.06512451171875,191.89648427525853,190.84738527337694,191.6193643540786,28919300
2023-12-27,191.16409301757812,191.5105004803971,189.12527563548673,190.5108903848591,48087700
2023-12-28,191.5896759033203,192.65857351066379,191.18388776405135,192.14391575114956,34049900
2023-12-29,190.55044555664062,192.40121377472641,189.75866796911842,191.90635467026271,42672100
2024-01-02,183.73130798339844,186.5025222946912,181.99930092657837,185.22577720716953,82488700
2024-01-03,182.3555908203125,183.96883642924203,181.5440145919006,182.32590048043423,58414500
2024-01-04,180.03965759277344,181.2075179249861,179.0202489631632,180.27718031693732,71983600
2024-01-05,179.31715393066406,180.88091065327836,178.31754388665928,180.1188384374096,62379700
2024-01-08,183.65211486816406,183.69171205497358,179.63386121540748,180.21779135468154,59144500
2024-01-09,183.23643493652344,183.24632668227045,180.8512103460259,182.0289774717032,42841800
2024-01-10,184.27565002441406,184.48348240733844,182.02898528742006,182.45457200324566,46792900
2024-01-11,183.68182373046875,185.12681915669637,181.73207738578324,184.62205313633504,49128400
2024-01-12,184.0084228515625,184.8199990991005,183.28593272766105,184.14698280822722,40477800
2024-01-16,181.74197387695312,182.36548612847807,179.0697224204938,180.28708678689063,65603000
2024-01-17,180.8017120361328,181.0491415840924,178.4461930088501,179.40622086308548,47317400
2024-01-18,186.6905975341797,187.1953485109901,183.91938283185837,184.17670419420983,78005800
2024-01-19,189.5904541015625,189.97644367310738,186.8786353534436,187.38338630026252,68903000
2024-01-22,191.89649963378906,193.32169654358245,190.28325381202234,190.32285100501898,60133900
2024-01-23,193.17323303222656,193.73737977781175,191.83712223283266,193.01488956324005,42355600
2024-01-24,192.50022888183594,194.36090430723632,192.34187031331157,193.4107679979945,53631300
2024-01-25,192.17361450195312,194.2520291241628,191.1245154438125,193.21282181305796,54822100
2024-01-26,190.4416046142578,192.75754194727924,189.9665440310004,192.2725896171282,44594000
2024-01-29,189.75869750976562,190.22386634852867,187.63080907007364,190.03581744325376,47145600
2024-01-30,186.10662841796875,189.82797900977772,185.54249682198056,188.97682064057707,55859400
2024-01-31,182.5040740966797,185.17632596329628,182.45460025625744,185.1169301713608,55467800
2024-02-01,184.9387664794922,185.02783750412453,181.93002942176474,182.0982797244824,64885400
2024-02-02,183.93914794921875,185.40392677166545,177.4070012757119,178.01073002917815,102551700
2024-02-05,185.75033569335938,187.3042007769885,183.92925752426459,186.21550453356022,69668800
2024-02-06,187.3536834716797,187.36357521832525,184.8496972971495,184.93876832266957,43490800
2024-02-07,187.46255493164062,189.0856924097343,186.67077723703076,188.67990426473503,53439000
2024-02-08,186.38375854492188,187.59120098390878,185.42373058041275,187.44274927884152,40962000
2024-02-09,187.1468048095703,188.2765227675386,186.30446474496694,186.9485964735415,45155200
2024-02-12,185.46212768554688,186.96842336096995,185.1053738445565,186.72067805809255,41781900
2024-02-13,183.3711700439453,184.53063145226378,181.85496988989732,184.09459726813964,56529500
2024-02-14,182.48919677734375,183.85675578337245,180.79462725534452,183.64865818230027,54630500
2024-02-15,182.20179748535156,182.82612045767794,179.71444020641266,181.89459574378543,65434500
2024-02-16,180.66580200195312,183.18290302222294,180.03157456209792,181.76579187183052,49752500
2024-02-20,179.92254638671875,180.78469520216953,178.3766181157698,180.15046783149373,53665600
2024-02-21,180.6757049560547,181.24055639365764,179.03067248659073,180.2991272502037,41371400
2024-02-22,182.70721435546875,183.29190480468338,180.81445159653885,181.82524161821627,52292200
2024-02-23,180.87391662597656,183.37117869088894,180.58652357235425,183.3414504606763,45119700
2024-02-26,179.52618408203125,181.11174516126204,179.02077391854948,180.59644574912906,40867400
2024-02-27,180.98291015625,182.26126931281985,177.94059046680667,179.46671005654383,54318900
2024-02-28,179.7838134765625,181.46847854843006,178.50545433930714,180.8639793914523,48953900
2024-02-29,179.119873046875,180.92346630197014,177.9108746304469,179.63518756564144,136682600
2024-03-01,178.03968811035156,178.90183692569335,175.78025215753124,177.93067957222544,73563100
2024-03-04,173.5208282470703,175.30458245485661,172.2226300679557,174.56134649455421,81510100
2024-03-05,168.58572387695312,170.48840604509627,168.0902332564625,169.21995126633416,95132400
2024-03-06,167.59474182128906,169.69563232435493,167.15870765798908,169.5172478388351,68587700
2024-03-07,167.47581481933594,169.1902079797121,166.97041987504164,167.62445594378354,71765100
2024-03-08,169.19021606445312,172.13343143853632,167.41636636953461,167.4758228221548,76267000
2024-03-11,171.19203186035156,172.80733633404748,170.49834792480524,171.3803207402518,60139500
2024-03-12,171.6676483154297,172.46043620394545,169.4676691073548,171.58836801446097,59825400
2024-03-13,169.5866241455078,171.62804307697533,169.21995080494636,171.21183277143888,52488700
2024-03-14,171.4397430419922,172.73792596009017,170.49831395125625,171.35055836544484,72913500
2024-03-15,171.0631866455078,171.0631866455078,168.75419840900892,169.6262667891251,121752700
2024-03-18,172.15322875976562,176.10724858241537,171.9550355745247,173.98654974587862,75604200
2024-03-19,174.4919891357422,175.0172080151,171.46949314620932,172.76767622994936,55215200
2024-03-20,177.05860900878906,177.05860900878906,173.51089450186836,174.1352174960067,53423100
2024-03-21,169.82444763183594,175.8892630091755,169.29922879245808,175.45322885093574,106181300
2024-03-22,170.72622680664062,171.48928650593083,168.52624750200687,170.21091238831212,71160100
2024-03-25,169.3091583251953,170.38932429506946,167.92177545566648,169.0316847755244,54288300
2024-03-26,168.179443359375,169.8740129173693,168.05061095138228,168.46682128354186,57388400
2024-03-27,171.74696350097656,172.0343565405087,168.57582642397568,168.87312383270142,60273300
2024-03-28,169.93344116210938,170.67667701496117,168.97218824939392,170.2010103030642,65672700
2024-04-01,168.4965362548828,169.70553455748254,167.9514935576168,169.6460781034487,46240500
2024-04-02,167.31727600097656,167.81276664190898,166.71277681419204,167.5551169522469,49329500
2024-04-03,168.11996459960938,169.14067408704202,167.05962251511946,167.2677201117247,47691700
2024-04-04,167.29745483398438,170.3694875068381,167.29745483398438,168.7541832986243,53704400
2024-04-05,168.0506134033203,168.85330584999502,167.4262903353845,168.06051777285862,42104800
2024-04-08,166.93080139160156,167.67403738632925,166.72270378093583,167.50557237539863,37425500
2024-04-09,168.13978576660156,168.5460917055098,166.83169838821917,167.17853275073267,42373800
2024-04-10,166.26683044433594,167.5650134431552,165.60287483124418,167.27763553824258,49709300
2024-04-11,173.46133422851562,173.87755961907308,166.6433941837476,166.82176353298163,91070300
2024-04-12,174.95773315429688,176.75140669942581,172.63884078505302,172.68837774790788,101670900
2024-04-15,171.13253784179688,175.03700600653332,170.94424900321735,173.7784557074799,73531800
2024-04-16,167.85240173339844,172.19288913903023,166.7524119884344,170.20102235595408,73711200
2024-04-17,166.48484802246094,169.11094225529814,166.48484802246094,168.08032842085646,50901200
2024-04-18,165.5334930419922,167.11906901091456,165.0479219314042,166.51456987389489,43122900
2024-04-19,163.51190185546875,164.89926951971245,162.6002009445124,164.7109957890585,68149400
2024-04-22,164.34429931640625,165.751490640931,163.28395741969712,164.02719323258373,48116400
2024-04-23,165.39476013183594,165.54341638804536,163.43262154349364,163.85875133255257,49537800
2024-04-24,167.49566650390625,167.77314006308927,164.71101142134987,165.03802194946388,48251800
2024-04-25,168.35781860351562,169.07132637527934,166.63350563489078,168.00106471763377,50558300
2024-04-26,167.77313232421875,169.79472746518425,167.65420428921547,168.34790327634968,44838400
2024-04-29,171.93524169921875,174.44242297655094,171.53885525962073,171.80640930182136,68169400
2024-04-30,168.79383850097656,173.41181476528868,168.46681287321124,171.76678225756265,65934800
2024-05-01,167.77313232421875,171.1523820898212,167.58484346320657,168.05060587060277,50383100
2024-05-02,171.469482421875,171.8559644998941,169.34878317714927,170.95416794412498,94214900
2024-05-03,181.72613525390625,185.31348231884328,181.01262758822543,184.9666328542693,163224100
2024-05-06,180.0712127685547,182.53874644704828,178.79283846563771,180.70544017490002,78569700
2024-05-07,180.75497436523438,183.23242749590466,179.68472791941784,181.79550770435065,77305800
2024-05-08,181.0919189453125,181.4189445721307,179.81354466582562,181.20092748758523,45057100
2024-05-09,182.90541076660156,182.99459544718977,180.4675903156434,180.91352883975787,48983000
2024-05-10,181.6451416015625,183.669478466616,180.73220418072017,183.48093424482693,50759500
2024-05-13,184.85037231445312,185.6640864017181,183.20310853414878,184.01682262141375,72044800
2024-05-14,185.9915313720703,186.8548647149755,184.8602810891409,186.07091921634225,52393600
2024-05-15,188.2639617919922,189.1868170758504,185.93199122253947,186.46785537715886,70400000
2024-05-16,188.38304138183594,189.6333810173086,188.2044300863017,189.00821119957226,52845200
2024-05-17,188.41281127929688,189.34559954047234,187.72810435814964,188.0555735439889,41282900
2024-05-20,189.57382202148438,190.44707314635468,187.5594028379898,187.87695420764547,44361300
2024-05-21,190.87379455566406,191.2508679069906,189.45476137627725,189.62345487533878,42309400
2024-05-22,189.4348907470703,191.34016861791716,188.80973611420333,190.79438668312676,34648500
2024-05-23,185.44577026367188,189.5341459487459,185.19768892080702,189.51429520164533,51005900
2024-05-24,188.52197265625,189.11737394472448,186.59685898409072,187.37088671578107,36327000
2024-05-28,188.5319061279297,191.51880009814326,187.64873713728954,190.04022981736387,52280100
2024-05-29,188.82958984375,190.7745542503335,188.05557725890648,188.15481585355153,53068000
2024-05-30,189.8218994140625,190.70506832278696,189.16697622567534,189.29596821795033,49889100
2024-05-31,190.7745361328125,191.09208749217237,188.45249859880175,189.9707550742459,75158300
2024-06-03,192.54086303710938,193.4935019196136,191.04245739181434,191.41953068261944,50080500
2024-06-04,192.85842895507812,193.82098571162214,191.54855228534223,193.14619663099631,47471400
2024-06-05,194.3667755126953,195.38886948576234,193.37445009094603,193.9003813531384,54156800
2024-06-06,192.98741149902344,194.99191275531385,192.67979309240934,194.1881317208236,41181800
2024-06-07,195.37892150878906,195.42854080055034,192.65002702042116,193.15610745634936,53103900
2024-06-10,191.6378631591797,195.7857909182053,190.6753063763642,195.3888517006261,97010200
2024-06-11,205.5601806640625,205.57011360777915,192.14395345618084,192.16378906024917,172373300
2024-06-12,211.43478393554688,218.5100538646653,205.3121227860245,205.7785169434978,198134300
2024-06-13,212.59579467773438,215.08652592836702,209.9760562824749,213.09195736730385,97862700
2024-06-14,210.85923767089844,213.51866257545944,209.678367977573,212.2088008716011,70122700
2024-06-17,215.00714111328125,217.26964179829142,211.08745883873982,211.7324642876032,93728300
2024-06-18,212.64540100097656,216.95210469802018,211.36530791117931,215.92007781385274,79943300
2024-06-20,208.07077026367188,212.59578653831548,207.24715355520107,212.28815296354617,86172500
2024-06-21,205.89759826660156,210.26382387597764,205.5205097773767,208.77533580800622,241805100
2024-06-24,206.54258728027344,211.0675882243761,205.00448003735443,206.12581247138846,80727000
2024-06-25,207.46546936035156,209.75773850908567,207.0089930344414,207.54484206411715,55549700
2024-06-26,211.6133575439453,213.21100178687283,209.02338806048346,209.87678837301024,66213200
2024-06-27,212.4568634033203,214.0842763709762,210.7202940415425,213.04233172557286,49772700
2024-06-28,209.00355529785156,214.41174043740799,208.68601906723538,214.1140398112984,82542700
2024-07-01,215.08653259277344,215.84069445328046,210.29359904602236,210.46229254870087,60402900
2024-07-02,218.5795135498047,218.6886699462021,213.44919320249295,214.4911227279333,58046200
2024-07-03,219.8496856689453,219.8496856689453,217.34902153194005,218.31157833867707,37369800
2024-07-05,224.60289001464844,224.71204639614564,219.9488822406841,219.9488822406841,60412400
2024-07-08,226.0715789794922,226.10134753003678,221.53664465186893,225.34717053841655,59085900
2024-07-09,226.92494201660156,227.63941744293055,224.63267299949706,226.18069804264906,48076100
2024-07-10,231.19195556640625,231.29119415797783,227.49058625437067,227.54020555015646,62627700
2024-07-11,225.82347106933594,230.6064710416972,224.0372825383305,229.61414576243664,64710600
2024-07-12,228.7706756591797,230.8545649156238,226.92494993371525,227.16311346469493,53046500
2024-07-15,232.60105895996094,235.409341553401,231.30111515749465,234.66509753137677,62631300
2024-07-16,233.0178680419922,234.4567369075411,230.54697223527828,233.1964793539142,43234300
2024-07-17,227.12344360351562,229.6836449661141,224.9006292447048,227.6890612108438,57345900
2024-07-18,222.45950317382812,228.67146993188885,220.5641731481692,228.51269423226466,66034600
2024-07-19,222.58848571777344,225.05938116686082,221.5663918696606,223.09458131167176,49151500
2024-07-22,222.24119567871094,226.03187070395737,221.3778623137636,225.26777593230437,48201800
2024-07-23,223.2831268310547,225.19832267550643,220.97100689389265,222.64803919770813,39960300
2024-07-24,216.86277770996094,223.0747441599071,215.46361045876344,222.280880842846,61777600
2024-07-25,215.8208465576172,219.15506035064124,212.97286249707204,217.24978234747041,51391200
2024-07-26,216.2872314453125,217.80548795978973,214.35218497553956,217.02154248476683,41601300
2024-07-29,216.56509399414062,217.61695646267233,214.0941983741811,215.29491873308154,36311800
2024-07-30,217.12078857421875,218.63904514115285,214.46134877521007,217.50779485320817,41643800
2024-07-31,220.3756103515625,222.10226187087767,218.93674165630796,219.7405227481965,50036300
2024-08-01,216.68417358398438,222.7572001483694,215.35446119036925,222.64804374939,62501000
2024-08-02,218.17263793945312,223.86859053089324,216.03914463167754,217.46808032420208,105568600
2024-08-05,207.6639404296875,211.8614726265992,194.4957781490091,197.562059997048,119548600
2024-08-06,205.6395721435547,208.3783997216886,199.52685967053256,203.72439154098564,69660500
2024-08-07,208.20970153808594,212.00037630720823,204.80601788828693,205.31209833985366,63516400
2024-08-08,211.67294311523438,212.5561121759152,207.22732925913098,211.47448105000998,47161100
2024-08-09,214.5804443359375,215.11629337558463,210.3432107490655,210.47221789303094,42201600
2024-08-12,216.1103973388672,218.07747160820446,214.1929998012183,214.65993379251097,38028100
2024-08-13,219.82598876953125,220.44193777769505,217.58072790378117,217.58072790378117,44155300
2024-08-14,220.27304077148438,221.5744891931242,218.2662191901357,219.13055181670978,41960600
2024-08-15,223.2534637451172,223.87935717471936,221.30624816369337,223.13425172393934,46414000
2024-08-16,224.5747833251953,225.34969177239586,222.19043681447837,222.45867901826594,44340200
2024-08-19,224.41583251953125,224.51518597934856,221.58442566604344,224.2469437652095,40687800
2024-08-20,225.03176879882812,225.68746521443902,223.97868888483964,224.2966078109087,30299000
2024-08-21,224.9224853515625,226.4921759358446,223.58130467937312,225.04171252806572,34765500
2024-08-22,223.06471252441406,226.84984597984075,222.43881906323927,226.30343225653021,43695300
2024-08-23,225.35963439941406,226.73063334528243,222.866020162344,224.187342377279,38677300
2024-08-26,225.69740295410156,225.79675641202357,222.4288803537143,225.28014571740593,30602200
2024-08-27,226.5418701171875,227.35652605602343,223.4223624308928,224.52511915345738,35934600
2024-08-28,225.01193237304688,228.35993491185639,224.20720569696516,226.43259292076607,38052200
2024-08-29,228.29037475585938,231.39995310375193,227.3863249726349,228.59836441740794,51906300
2024-08-30,227.50552368164062,228.89638108151303,225.9954391052015,228.68776005113654,52990800
2024-09-03,221.31619262695312,227.50553099413642,219.7266282681139,227.05847075546578,50190600
2024-09-04,219.40870666503906,220.33263007260953,216.06068946962992,220.21341806110573,43840200
2024-09-05,220.9287567138672,224.0085170705176,220.07436845302396,220.1836512012438,36615400
2024-09-06,219.37890625,223.77005891628232,218.3357556594125,222.48846914066658,48423000
2024-09-09,219.46835327148438,219.82600453136772,215.29576534565257,219.37894424631622,67180000
2024-09-10,218.67355346679688,220.03460793809228,215.31560663834654,217.49131703149231,51591000
2024-09-11,221.20692443847656,221.63411098197892,216.4680492147489,220.01475867053273,44587100
2024-09-12,221.31619262695312,222.09110108310472,218.38544755210194,221.04795042006705,37455600
2024-09-13,221.04795837402344,222.57790161811045,220.46181236980377,222.12091208096655,36766600
2024-09-16,214.9082794189453,215.80239985733417,212.52393298456082,215.12682972853557,59357400
2024-09-17,215.37521362304688,215.48449636527135,213.10016491936787,214.34200737227792,45519300
2024-09-18,219.24977111816406,221.25659276615585,216.12031904206836,216.13026348358338,59894900
2024-09-19,227.37635803222656,228.32017032885514,223.16403855762368,223.52168975444923,66781300
2024-09-20,226.71075439453125,231.56884144729943,226.1345376792504,228.46920754640476,318679900
2024-09-23,224.99203491210938,227.95258288382507,224.336338501163,225.8563523524968,54146000
2024-09-24,225.88616943359375,227.85325878901892,224.25687274556688,227.15781488965328,43556100
2024-09-25,224.89268493652344,225.80667911779153,222.5580303354434,223.46208007568333,42308700
2024-09-26,226.03521728515625,227.00881759745033,223.9389864593978,225.81665178414175,36636700
2024-09-27,226.30343627929688,228.02215721764472,225.81664372013879,226.9690772008412,34026000
2024-09-30,231.47943115234375,231.47943115234375,228.1512873446241,228.5387415800987,54541900
2024-10-01,224.7337646484375,228.15130254219565,222.27988260723768,228.02216122790813,63285000
2024-10-02,225.30001831054688,225.8861642954019,221.56456176324298,224.41582711263038,32880600
2024-10-03,224.19725036621094,225.3298099915582,221.86259582618194,223.6707104185886,34044200
2024-10-04,225.3199005126953,226.5120662505933,222.66732681912907,226.41271278943105,37245100
2024-10-07,220.2432403564453,224.21713611955545,219.885589131397,223.0348997045567,39505400
2024-10-08,224.29661560058594,224.5052366387564,221.79305702807565,222.83620769655573,31855700
2024-10-09,228.0419921875,228.25062837641602,223.3627386107029,223.76012210676075,33591100
2024-10-10,227.54527282714844,228.00227752622936,225.68748134269669,226.29350107451606,28183500
2024-10-11,226.0649871826172,227.9128492283195,225.85635099522128,227.8035664938185,31759200
2024-10-14,229.79052734375,230.21771386522883,227.1081507143634,227.20748901369805,39882100
2024-10-15,232.32388305664062,235.9401275315396,230.853530735341,232.08544385770335,64751400
2024-10-16,230.26739501953125,230.60517253033711,228.34005309673006,230.0885769817669,34082200
2024-10-17,230.6349639892578,232.3238817771462,229.01561181125544,231.90660939150177,32993800
2024-10-18,233.46636962890625,234.6386615701971,232.4828249974097,234.6386615701971,46431500
2024-10-21,234.93670654296875,235.3043021987925,232.91995571367772,232.91995571367772,36254500
2024-10-22,234.32077026367188,234.67842149785605,231.0820505913223,232.36362533760988,38846600
2024-10-23,229.25404357910156,233.60546433739609,226.27362172475395,232.55238437433343,52287000
2024-10-24,229.0653076171875,229.3136761173618,226.91940013747097,228.47914643577636,31109500
2024-10-25,229.8998260498047,231.69801159617745,228.07183749564092,228.24072625952675,38802300
2024-10-28,231.8768310546875,233.1981533252385,231.03238723011694,231.79736647290133,36087100
2024-10-29,232.1450653076172,232.80076177889833,230.80388451731673,231.5787930163908,35417200
2024-10-30,228.59837341308594,231.9463759413976,228.05195968136482,231.0919876952183,47070900
2024-10-31,224.43569946289062,228.330115454563,223.89921505082026,227.84330777090054,64370100
2024-11-01,221.4552764892578,223.87935529424118,218.83250593091054,219.5279346472888,65276700
2024-11-04,220.56112670898438,221.33603510883145,218.27614895309117,219.54779428408165,44944500
2024-11-05,221.9917449951172,222.4884819564664,219.6968226591573,220.35251908634842,28111300
2024-11-06,221.2665252685547,224.5946691536601,219.74651129717958,221.15724252476647,54561100
2024-11-07,225.9954376220703,226.39283627600352,223.1044401056504,223.16404611393824,42137700
2024-11-08,225.72694396972656,227.41770491673495,225.17992905795916,225.93579455138124,38328800
2024-11-11,223.01174926757812,224.47376393957063,220.29658566640109,223.77757009002366,42005600
2024-11-12,223.01174926757812,224.36436096493557,222.14648085284745,223.33001798502116,40398300
2024-11-13,223.89691162109375,225.4185978724207,221.54973296285615,222.79294167641658,48566200
2024-11-14,226.98008728027344,227.62654977508777,223.77758025105393,223.79747584076947,44923900
2024-11-15,223.77757263183594,225.68713943052106,223.0515429787679,225.16996034674554,47923700
2024-11-18,226.78115844726562,228.49181480220403,223.94663659117114,224.02620376766677,44633700
2024-11-19,227.03973388671875,228.90952454109907,225.42854034251505,225.7467938634959,36211800
2024-11-20,227.75584411621094,228.68078414631773,224.6627401240164,226.82094870348703,35169600
2024-11-21,227.27845764160156,228.90954693288327,224.48372676835862,227.63650237265796,42108300
2024-11-22,228.62110900878906,229.46649702017746,226.82094518602503,226.82094518602503,38168300
2024-11-25,231.6048126220703,231.98275293866183,228.49182822914253,230.20248468460477,90152800
2024-11-26,233.78292846679688,234.2901673751303,232.0623317186483,232.0623317186483,45986200
2024-11-27,233.6536102294922,234.40949083683986,232.53970008294309,233.19611792325418,33498400
2024-11-29,236.04058837890625,236.51797629056327,232.698842645531,233.5342752849028,28481400
2024-12-02,238.28829956054688,239.4817769036961,235.8715090788613,235.9809120539101,48137100
2024-12-03,241.33168029785156,241.441083276618,237.60205398884364,238.50711361537608,38861000
2024-12-04,241.68972778320312,242.78375758332757,239.9392952788925,241.55048900644988,44383900
2024-12-05,241.7195587158203,243.21140922639395,240.81451427308068,242.6644095132275,40033900
2024-12-06,241.52064514160156,243.3009285590703,240.76477968960373,241.5902721155965,36870600
2024-12-09,245.40940856933594,245.89675186527563,240.43657354260168,240.516140724136,44649200
2024-12-10,246.4238739013672,246.861485816723,244.0070681600661,245.54865007065558,36914800
2024-12-11,245.1508026123047,249.43738355757404,244.92204129682997,246.61281718111218,45205800
2024-12-12,246.6128387451172,247.3885997871069,244.34521203481492,245.54864477609476,32777500
2024-12-13,246.7819061279297,247.9355922748061,244.90217516923994,246.47359279661413,33155300
2024-12-16,249.67608642578125,250.01425073054844,246.3045049916291,246.6426692963963,51694800
2024-12-17,252.10284423828125,252.45094876599273,248.42294929569397,248.7213224371769,51356400
2024-12-18,246.7023468017578,252.89849494785605,246.39403346062903,250.7900177691265,56774100
2024-12-19,248.43287658691406,250.6308762664829,245.7475488049507,246.15532490458142,60882300
2024-12-20,253.10736083984375,253.6145845456153,244.35516822034685,246.69239156062656,147495300
2024-12-23,253.8831024169922,254.26102752773247,252.07298333460633,253.38581895601413,40858800
2024-12-24,256.7972412109375,256.80716624287646,253.90303208844082,254.101957652135,23234700
2024-12-26,257.61273193359375,258.6868812844183,256.23029959445824,256.78725468311694,27237100
2024-12-27,254.20135498046875,257.29447387899233,251.68510189149424,256.4291751646687,42355300
2024-12-30,250.82977294921875,252.1227129740064,249.3876539575231,250.85960874260036,35557500
2024-12-31,249.05946350097656,251.90392569582917,248.07483671879714,251.0684930674946,39480700
